,date,User,Tweet
0,2022-11-23 22:09:19+00:00,IndiGo6E,"@The_Khwabida Ms Sharma, we truly understand your situation here and would like to reunite you with your baggage as soon as possible. Please drop your PNR on our DM so we may quickly check on this. Thanks! ~Sheetal  https://t.co/xcJPAig2qK"
1,2022-11-23 21:46:55+00:00,sheetalballabh,"Gham ka bhi sahi hai,
Doosro ka humesha kam hi lagta hain."
2,2022-11-23 21:18:48+00:00,IcxnicBrownGirl,@IconicBrownBoii https://t.co/YgovLGmuUI
3,2022-11-23 21:18:16+00:00,IcxnicBrownGirl,@IconicBrownBoii ğŸ¥ºğŸ¥ºğŸ¥ºğŸ¥º
4,2022-11-23 21:18:06+00:00,IcxnicBrownGirl,@IconicBrownBoii I love you ğŸ¥º
5,2022-11-23 21:10:14+00:00,SheetalYadavG,@VootSelect @archanagautamm Savage!
6,2022-11-23 20:40:00+00:00,SheetalJaitly,C'Mon Canada ğŸ‡¨ğŸ‡¦ğŸ‡¨ğŸ‡¦ğŸ‡¨ğŸ‡¦ğŸ‡¨ğŸ‡¦ğŸ‡¨ğŸ‡¦ğŸ‡¨ğŸ‡¦ğŸ‡¨ğŸ‡¦
7,2022-11-23 20:34:20+00:00,SheetalYadavG,@Urvashi9 @VootSelect @ColorsTV @justvoot Also he said auKaad nahi hai per day k actress hai
8,2022-11-23 20:34:10+00:00,SheetalJaitly,"@GTamburrino Can't even book a flight on the site ğŸ¤¦â€â™‚ï¸
Happens all the time"
9,2022-11-23 20:32:00+00:00,jogia_sheetal,@tonycarson100 @liz_fidler Excellent opportunity which includes #pharmacytechnicians ğŸ˜Š
10,2022-11-23 20:00:38+00:00,Sheetal1842,I have unlimited internet and that's the only thing I like about my job.
11,2022-11-23 19:58:28+00:00,IndiGo6E,"@imRohitTomar Mr Tomar, we'll help you out. Please DM us your concern. ~Sheetal  https://t.co/xcJPAifuBc"
12,2022-11-23 19:57:51+00:00,sarkardev60,@Shiv_ki_patni @Komal92011670 Shivrit nonceleb vs celeb this sheetal colors show wat u ll do
13,2022-11-23 19:52:41+00:00,sheetalsheth,@radhabharadwaj @samatlounge Thank you!
14,2022-11-23 19:52:12+00:00,sheetalsheth,@writesinLA @penguinrandom @MMPress_ Thank you! â¤ï¸
15,2022-11-23 19:51:22+00:00,IndiGo6E,"@shaikhalam_alam Sir, did you try clearing the cache &amp; cookies or any other alternate web browser? Please share your contact details via DM so we may connect with you. ~Sheetal  https://t.co/xcJPAifuBc"
16,2022-11-23 19:45:43+00:00,Ranjeet69756959,@Sheetal_Parekh_ ğŸ’¯true
17,2022-11-23 19:44:38+00:00,sheetal18232400,Kuch nai vroo galti se space khul gaya tha ekğŸ¥² https://t.co/8XwCAH00x2
18,2022-11-23 19:39:24+00:00,Sheetal83916390,@iQIYI Nothing...i just like to see my fav actress' dramağŸ™thank you
19,2022-11-23 19:33:14+00:00,rklogy,"@ayu_shi03 @Devoleena_23 @simranveer78 @BiggBoss Bb14 tak sb deserving winner thai ..last yr se sheetal ke under gia h tb se open biasness start ki h , that's why last season full flop tha because live mai kuch or tha and epi mai sympathy card"
20,2022-11-23 19:23:28+00:00,SheetalGori,Vikram uncle how can I forget your Love n caring nature.i played your daughter as a child artist then again got chance to play ur daughter when I grown up n last i played ur daughter in law.u vl always be in my heart Om Shanti ğŸ™ğŸŒº https://t.co/OSbCMF0zff
21,2022-11-23 19:21:47+00:00,sheetalmhatre1,"à¤œà¥‡à¤·à¥à¤  à¤…à¤­à¤¿à¤¨à¥‡à¤¤à¥‡ à¤µà¤¿à¤•à¥à¤°à¤® à¤—à¥‹à¤–à¤²à¥‡ à¤¯à¤¾à¤‚à¤šà¤‚ à¤µà¤¯à¤¾à¤šà¥à¤¯à¤¾ à¥®à¥¨ à¤µà¥à¤¯à¤¾ à¤µà¤°à¥à¤·à¥€ à¤¨à¤¿à¤§à¤¨. à¤ªà¥à¤£à¥à¤¯à¤¾à¤¤ à¤à¤•à¤¾ à¤–à¤¾à¤œà¤—à¥€ à¤°à¥à¤—à¥à¤£à¤¾à¤²à¤¯à¤¾à¤¤ à¤—à¥‡à¤²à¥à¤¯à¤¾ à¤ªà¤‚à¤§à¤°à¤¾ à¤¦à¤¿à¤µà¤¸à¤¾à¤‚à¤ªà¤¾à¤¸à¥‚à¤¨ à¤¸à¥à¤°à¥‚ à¤¹à¥‹à¤¤à¥‡ à¤‰à¤ªà¤šà¤¾à¤°. à¤­à¤¾à¤µà¤ªà¥‚à¤°à¥à¤£ à¤¶à¥à¤°à¤¦à¥à¤§à¤¾à¤‚à¤œà¤²à¥€ ğŸ™

#actor #sad_demise #vikram_gokhle
#actor #VikramGokhale  #à¤œà¥‡à¤·à¥à¤  #à¤…à¤­à¤¿à¤¨à¥‡à¤¤à¥‡. https://t.co/gzT3ohuMzZ"
22,2022-11-23 19:13:38+00:00,SheetalJaitly,paying attention yet? https://t.co/2ZOTFroU5k
23,2022-11-23 19:13:37+00:00,Sheetalwank10,@Mehak_NamitFan @ColorsTV Makers ne already plan to nahi kiya hai. Ankit ko nikalane ka??
24,2022-11-23 19:12:42+00:00,SheetalJaitly,Does any other airline flight fail as much as @AirCanada always a pain in the A$$ to book online
25,2022-11-23 19:11:45+00:00,Sheetal09967737,@Sonali63394077 @Devoleena_23 @BiggBoss Teri kyu jal rhi h
26,2022-11-23 19:10:06+00:00,niilampaanchal,@jogia_sheetal Thanks ğŸ™
27,2022-11-23 19:09:26+00:00,sirzaaishere,@Lady_Bheem @iDopeDude Kyu vai? Woh winner material hai ğŸ˜‚ğŸ˜‚ agar sheetal mam fair rahegi toh trophy v jitega.. jo v usko evict karne ko bol rahe hai dumb hai sab ğŸ˜‚ğŸ˜‚ğŸ˜‚.
28,2022-11-23 19:08:19+00:00,IndiGo6E,"@Viral_Jain1405 Mr Jain, we regret to know that you had to wait for so long. We are sharing this with the concerned team on priority to expedite the process. ~Sheetal"
29,2022-11-23 19:02:57+00:00,sheetalmhatre1,à¤®à¥à¤‚à¤¬à¤ˆ à¤µà¤¿à¤­à¤¾à¤— à¤•à¥à¤°à¤®à¤¾à¤‚à¤• à¥¬ (à¤•à¤²à¤¿à¤¨à¤¾ à¤µ à¤•à¥à¤°à¥à¤²à¤¾) à¤¤à¤¸à¥‡à¤š à¤µà¤¿à¤­à¤¾à¤— à¤•à¥à¤°à¤®à¤¾à¤‚à¤• à¥® (à¤˜à¤¾à¤Ÿà¤•à¥‹à¤ªà¤° à¤ªà¥‚à¤°à¥à¤µ à¤µ à¤¶à¤¿à¤µà¤¾à¤œà¥€à¤¨à¤—à¤° - à¤®à¤¾à¤¨à¤–à¥à¤°à¥à¤¦) à¤¯à¥‡à¤¥à¥€à¤² à¤®à¤¹à¤¿à¤²à¤¾ à¤†à¤˜à¤¾à¤¡à¥€à¤šà¥€ à¤¬à¥ˆà¤ à¤• à¤˜à¥‡à¤Šà¤¨ à¤ªà¤•à¥à¤·à¤¬à¤¾à¤‚à¤§à¤£à¥€ à¤¤à¤¸à¥‡à¤š à¤®à¤¹à¤¿à¤²à¤¾ à¤¸à¤•à¥à¤·à¤®à¥€à¤•à¤°à¤£ à¤¯à¤¾à¤¸à¤‚à¤¦à¤°à¥à¤­à¤¾à¤¤ à¤šà¤°à¥à¤šà¤¾ à¤•à¤°à¤£à¥à¤¯à¤¾à¤¤ à¤†à¤²à¥€. @mieknathshinde @DrSEShinde @mlamangesh https://t.co/C9ktTNyMLE
30,2022-11-23 19:02:29+00:00,IndiGo6E,"@Ratheesh_Kumar Sir, we would like to have a closer look into it. Please allow us some time and we'll resolve your issue at the earliest. ~Sheetal"
31,2022-11-23 19:00:08+00:00,IndiGo6E,"@gdesigner31 Mr Arora, please try clearing cache &amp; cookies from the web browser history or try an alternate web browser. Let us know via DM if the issue still persists. ~Sheetal
  https://t.co/xcJPAix5sK"
32,2022-11-23 18:56:51+00:00,sheetalERS7080,@ColorsTV @BeingSalmanKhan RAJAJI #ShivThakareğ“ƒµ
33,2022-11-23 18:56:01+00:00,sheetalERS7080,@ColorsTV @BeingSalmanKhan #ShivThakareğ“ƒµ
34,2022-11-23 18:54:47+00:00,sheetalERS7080,@eternal_shivam ğŸ¤” good ğŸ‘
35,2022-11-23 18:52:05+00:00,IndiGo6E,"@cooldudeinindia Mr Sharma, we regret to make you wait. Please be informed that we are sharing this with the concerned team for review and to expedite the process. ~Sheetal"
36,2022-11-23 18:50:26+00:00,IndiGo6E,"@slimjd So glad to know you &amp; family had a pleasant time flying with IndiGo. We will surely pass on your words of thanks to the concerned person, please DM us the PNR. #goIndiGo ~Sheetal  https://t.co/xcJPAifuBc"
37,2022-11-23 18:50:15+00:00,sheetalERS7080,@Devoleena_23 @BiggBoss Tu tera pet bhar kamdhanda to hai nahi. Isiliye baithe baithe twitter pe Kamane ka soch rahi hai.. bhul gai jya last year tang tut gai thi tere kukarmo kj vajah se.. bailbudhi aurat..#ShivThakareğ“ƒµ
38,2022-11-23 18:48:46+00:00,Shitalhitesh03,@BintiArohi Are un dono ko chodo Fahmaan ko dekh sum ki khushi dekho â™¥ï¸â™¥ï¸
39,2022-11-23 18:47:51+00:00,Shitalhitesh03,@MadhuLahari13 Shayad aisa bhi ho sakta hai Fahmaan jb wapas jaaye sum ko bhi le jaaye may be sum evict ho jayegi shayad
40,2022-11-23 18:45:55+00:00,Shitalhitesh03,@Farhint414 @SumbulKhanTeam @TouqeerSumbul @fahmaankhan Are jhuth nhi aise hi sum ko surprise de rahe hai Fahmaan pehle aaya show ke promotion ke liye and sum se bhi mila such pure bond   share Sumaan God always protect Sumaan ka bond and always protect both of themğŸ™ŒğŸ™ŒğŸ™ŒğŸ™Œ
41,2022-11-23 18:45:54+00:00,rklogy,"@sidismyuniverse @Sagarrathore_ To spoil star face image ( woh ladki khud krne mai no 1 ha sheetal ko chance khud de dia) 2nd false narrative create kr rhi h kai mak favor sumbal &amp; gand ko support kr rhi hn and bahir audiance unke against ja rhy ha , intelligent game makers play kr rhy ,yeh last yr sheetal ai h"
42,2022-11-23 18:44:26+00:00,sheetalkendki,@ajaydevgn RIP Vikram sir
43,2022-11-23 18:44:04+00:00,Sheetal1842,I meet the happiest version of myself this year.
44,2022-11-23 18:43:43+00:00,sheetalERS7080,"@ShivThakareTM @JThakers Khara Raja manus...â¤

#ShivThakare"
45,2022-11-23 18:42:59+00:00,sheetalERS7080,@ShivThakareTM @JThakers Bots Vala aahe ignore him..ğŸ¤£ğŸ¤£
46,2022-11-23 18:41:45+00:00,sheetalERS7080,@WaliaRohi @Shanwrites18 Hahaha dekho chugli gang also double dholki ğŸ¤£ğŸ¤£ğŸ¤£ dono baju se Bajti h
47,2022-11-23 18:41:44+00:00,Shitalhitesh03,@Prachee_17 Are meri to neend udd gayi
48,2022-11-23 18:41:42+00:00,IndiGo6E,@Kamlesh_Vidisha We are happy to serve you as many refills as you would like.  We sincerely hope youâ€™ll join us in this endeavour on your next IndiGo flight. ~Sheetal 2/2
49,2022-11-23 18:40:41+00:00,GJyoti,@vrinshacaps @fahmaankhan @TouqeerSumbul Omg the way he look at himğŸ˜ğŸ˜ğŸ˜ğŸ˜ he really cares for her
50,2022-11-23 18:40:40+00:00,Shitalhitesh03,@BLUEHOSTWEBHOST @SumbulKhanTeam @TouqeerSumbul @fahmaankhan No dear Fahmaan pehle hi clear kr chuka hai ke wo haal filhaal BB nhi Krna chahta i think wo show promotion ke liye gaya hai
51,2022-11-23 18:40:16+00:00,Sheetal53402291,@aranyajibi @trish28c @fahmaankhan @TouqeerSumbul Same hereğŸ˜ğŸ˜­
52,2022-11-23 18:38:53+00:00,Shitalhitesh03,@Farhint414 @SumbulKhanTeam @TouqeerSumbul @fahmaankhan Fahmaan ki wild card entry nhi hai
53,2022-11-23 18:38:23+00:00,isheetalangural,"à¤ªà¤°à¤¿à¤µà¤°à¥à¤¤à¤¨ à¤•à¤¾ à¤¸à¤‚à¤•à¤²à¥à¤ª à¤²à¤¿à¤ à¤—à¥à¤œà¤°à¤¾à¤¤ à¤®à¥‡à¤‚ à¤­à¤¾à¤µà¤¨à¤—à¤° à¤•à¥‡ à¤…à¤²à¤— à¤…à¤²à¤— à¤‡à¤²à¤¾à¤•à¤¼à¥‹à¤‚ à¤®à¥‡à¤‚ à¤œà¤¾ à¤°à¤¹à¥‡ à¤¹à¥ˆà¤‚à¥¤ 

à¤µà¤¿à¤§à¤¾à¤¯à¤• à¤¶à¥à¤°à¥€ à¤¶à¥€à¤¤à¤² à¤…à¤‚à¤—à¥à¤°à¤¾à¤² à¤œà¥€ à¤­à¤¾à¤µà¤¨à¤—à¤° à¤µà¥ˆà¤¸à¥à¤Ÿ à¤®à¥‡à¤‚ à¤¸à¥à¤¥à¤¾à¤¨à¥€à¤¯ à¤ªà¥à¤°à¤¤à¥à¤¯à¤¾à¤¶à¥€ @KoliRajuSolanki à¤•à¥‡ à¤¹à¤•à¤¼ à¤®à¥‡à¤‚ à¤œà¤¨à¤¸à¤­à¤¾ à¤•à¥‹ à¤¸à¤‚à¤¬à¥‹à¤§à¤¿à¤¤ à¤•à¤°à¤¤à¥‡ à¤¹à¥à¤à¥¤

#EkMokoKejriwalNe
#OnlyAAP https://t.co/66west2Sff"
54,2022-11-23 18:36:45+00:00,sheetalERS7080,"@DBhaskarHindi @ShivThakare9 @ShivThakareFC @addictbiggboss Akela banda hai jo pure gharko Sambhalta hai...kona pakad k pada nahi rehta....kisike khane ki plate me jhak kr nahi dekhta jo..bakri ki Tarah me ye me  vo nahi krta kisika gala nahi pakadta also fake relationships nahi rakhta..jo hai real hai...

#ShivThakare"
55,2022-11-23 18:33:54+00:00,Shitalhitesh03,@Sab_august I wish ye ronewala promo pehle hi uske bd Fahmaan ki entry ki khushi ho sum but ye shalin and Tina wala promo bahot danger tha yr i really wish ye sab pro ke bd Fahmaan ki entry ho taaki sum ke face pr khushi bani rahe
56,2022-11-23 18:32:39+00:00,sheetalERS7080,"@VootSelect @ShivThakare9 Obviously 
 
#ShivThakare 

#Shiv"
57,2022-11-23 18:30:20+00:00,sheetalERS7080,"@VootSelect @ShivThakare9 He is king of bb house..

#ShivThakare"
58,2022-11-23 18:29:08+00:00,sheetalERS7080,@vinayak98155416 Pcc fans...pehle tweet dekho fir bots valonko bhejo coz funny pucha hai irritating nahi ğŸ¤£ğŸ¤£ğŸ¤£
59,2022-11-23 18:27:43+00:00,sheetalERS7080,"@ColorsTV @ShivThakare9 @BeingSalmanKhan Ye pyaar Vala drama dikhana band karo isse humlog serials me movies mein dekh dekh k pak Gaye hai....or Haan shiv ne jo bhi maang ki hai puri kar dena..akela banda show chala raha hai...

#ShivThakare #ShivKiSena"
60,2022-11-23 18:27:24+00:00,Sheetal1842,It has nothing to do with body.
61,2022-11-23 18:27:17+00:00,rklogy,@Team_Abdu_Rozik @Abdurozikmusic Trophy tu colors ke pass rehti h ...jab se sheetal ai ha last yr se.ğŸ˜ª
62,2022-11-23 18:25:15+00:00,Sheetal1842,Name
63,2022-11-23 18:24:59+00:00,Sheetal1842,"People who don't know the  except Ronaldo, Messi and Neymar are talking about football now."
64,2022-11-23 18:22:08+00:00,sheetalERS7080,"@BiggBoss_Tak Exactly ğŸ’¯ 

#ShivThakare"
65,2022-11-23 18:22:08+00:00,sheetalbhagwat4,Oh noğŸ˜­ RIP sir ğŸ™ https://t.co/2fGwiII1Ic
66,2022-11-23 18:21:49+00:00,Shitalhitesh03,@brishtart Muje to neend hi nhi aayegi
67,2022-11-23 18:21:26+00:00,sheetalbhagwat4,@inactivetwinkle ActuallyğŸ˜‚ğŸ˜‚
68,2022-11-23 18:20:46+00:00,Shitalhitesh03,@Prachee_17 Are mai to khushi se pagal ho gayi continue smile kiye jaa rahi hu lagta nhi neend aayegi
69,2022-11-23 18:20:41+00:00,sheetalERS7080,"@sushantkumarmal @TrueKhabri @ShivThakare9 Ooollleeee teli jali naa isiliye bakvas kalne aaya hai chulyanka ki talaf se..Abe totle pehle acchese bolna to sikh le ğŸ¤£ğŸ¤£ğŸ¤£.

#ShivThakare #ShivIsTheBoss #BBKingShiv"
70,2022-11-23 18:18:38+00:00,sheetal14105102,@SameerSRK02 @iamsrk @JrSrkShub @TheRitikKumar1 @TeamSRKWarriors @rangrezaaaaa @JrSrkAyuu Flop
71,2022-11-23 18:15:33+00:00,Shitalhitesh03,@flower_10111 Ye sum ka bday gift hai BB ki taraf se
72,2022-11-23 18:15:10+00:00,Sheetal1842,You just need to be idiot.
73,2022-11-23 18:15:05+00:00,sheetalERS7080,"@TheKhabriTweets Pehle to ye bata tu konsa bb dekhta h...bakiyo ki Tarah use koi updates nahi mil rahi fir bhi bande mein akele show chalane ka jigra hai...tu bas yaha baithe baithe bakvas tipniya deta reh..tu chatukar lag raha h muze pcc ka chatu.

#ShivThakare #BBKingShiv"
74,2022-11-23 18:10:44+00:00,sheetalERS7080,@ImGoriNagori #ShivThakare
75,2022-11-23 18:09:43+00:00,Sheetal53402291,@justvoot Sumbul #SumbulTouqeerKhan
76,2022-11-23 18:07:50+00:00,Sheetalwank10,@justvoot Ankit! Ankit! Only Ankit!
77,2022-11-23 18:06:33+00:00,sheetal18232400,@koinahisamjhega @bitcoinlayakya ğŸ¥²ğŸ¥²ğŸ¥²ğŸ¥²ğŸ¥²
78,2022-11-23 18:05:41+00:00,SheetalSunderji,"An open floor plan is perfect for entertaining. 

With this kitchen, hosting friends and family for the holidays would be a breeze. https://t.co/xaceu7qJpb https://t.co/Sa4Gp4QsNW"
79,2022-11-23 18:05:38+00:00,sheetalERS7080,"@DBhaskarHindi @ShivThakare9 @ShivThakareFC @addictbiggboss Shiv ki wajah se show chal raha h...koi drama nahi dusro ki Tarah kisi k bhi bareme bitching nahi..jo hai straight forward bolta hai...

He have all winner qualities #ShivThakare #BBKingShiv"
80,2022-11-23 18:05:30+00:00,Shitalhitesh03,Oye yr BB ke promo me Fahmaan waw yr i know wo show ke promotion ke liye gaya hai but sum to usko dekhte hi khush ho gayi waw â™¥ï¸â™¥ï¸â™¥ï¸â™¥ï¸â™¥ï¸â™¥ï¸#SuMaan forever true and pure bond
81,2022-11-23 18:01:04+00:00,Sheetal09967737,@dilberkhandhad1 Mjk kr rha tha vo bkws Mt kro
82,2022-11-23 18:00:37+00:00,jkknwrsheetal,"@MumbaiPolice @MumbaiPolice the music has stopped, Thank you! Wondering why were they allowed to play above permissible limit for over 4 hours and why the music did not stop inspite of calling 100 thrice."
83,2022-11-23 18:00:35+00:00,sheetalERS7080,"@DBhaskarHindi @ShivThakare9 @ShivThakareFC @addictbiggboss He is calm, genuine, kind hearted, mastermind ,game Changer

#ShivThakare"
84,2022-11-23 17:59:04+00:00,sheetalERS7080,"@DBhaskarHindi @ShivThakare9 @ShivThakareFC @addictbiggboss Winner ğŸ† 

#ShivThakare"
85,2022-11-23 17:58:42+00:00,SheetalJaitly,#WorldcupQatar2022 Who will win today? ğŸ‡§ğŸ‡ªğŸ‡¨ğŸ‡¦
86,2022-11-23 17:58:23+00:00,sheetal18232400,@koinahisamjhega @bitcoinlayakya ğŸ˜’ğŸ˜’ğŸ˜’ğŸ˜’ ladkion se cidhne wale logğŸ˜’ğŸ˜’ğŸ˜’ğŸ˜’ğŸ˜’
87,2022-11-23 17:57:23+00:00,sheetalERS7080,"@DBhaskarHindi @ShivThakare9 @ShivThakareFC @addictbiggboss There is Only one king 

#ShivThakare ğŸ†"
88,2022-11-23 17:51:50+00:00,sheku8521,@sheetalmhatre1 #Sheetal_Mhatre_gaddar à¤¹à¥‡ à¤ à¤¿à¤• à¤†à¤¹à¥‡.
89,2022-11-23 17:51:24+00:00,SheetalBala12,"India, Gabon hold first Foreign Office Consultations

https://t.co/vpkFZqDCJw"
90,2022-11-23 17:50:09+00:00,Dileep639,@Sun__shine___yi @ColorsTV Sheetal mam Mail kiya hu wildcard mujhe cast kar lo...ğŸ¤£
91,2022-11-23 17:46:01+00:00,SheetalPronamo,@SudipDa63728419 True that
92,2022-11-23 17:45:54+00:00,SheetalPronamo,@TheAdVarun What choice do they have
93,2022-11-23 17:45:07+00:00,Sheetal1842,"I never told anyone but once I paid 5000 to wrong account, I feel sad when I think about itğŸ¥²ğŸ¥²ğŸ˜­"
94,2022-11-23 17:41:23+00:00,jkknwrsheetal,"@CPMumbaiPolice At Pratiksha Nagar, Society M3, Sion East, Loud speakers are playing way over permissible limits since 7pm and on till now. Called the helpline thrice with absolutely no respite."
95,2022-11-23 17:38:41+00:00,jkknwrsheetal,"@MumbaiPolice At Pratiksha Nagar, M3, Sion East, theres loud speaker playing way over permissible limit and  crossed the timeline to play as well, Inspite of calling the helpline thrice thereâ€™s no respite."
96,2022-11-23 17:37:50+00:00,deathicey,@TheAthleticFC @lukedbrown â€¦but itâ€™s being held in Qatarâ€¦ the hypocrisy is loud. Clearly shows they really only care about themselves and no other values unless it affects them monetarily.
97,2022-11-23 17:36:49+00:00,Nvrr333Rao,@SweetAnusha111 @nagin_madhu @mastarni_madhu @PiyuEndless @SanskrutiKapoor @itihot_mama @Sheetal_priya7 Goodnight
98,2022-11-23 17:36:13+00:00,Nvrr333Rao,@nagin_madhu @mastarni_madhu @PiyuEndless @SanskrutiKapoor @itihot_mama @Sheetal_priya7 Good
99,2022-11-23 17:35:38+00:00,B224Sheetal,@unavailable1009 ğŸ˜ƒ. à¤®à¤²à¤¾ à¤¤à¤° à¤…à¤œà¥‚à¤¨ à¤¹à¥€ à¤•à¤³à¤²à¥‡à¤²à¤‚ à¤¨à¤¾à¤¹à¥€ à¤¤à¥‡ à¤—à¤¾à¤£à¤‚.
100,2022-11-23 17:35:28+00:00,GJyoti,@Rohit20951680 Yes dats TrueğŸ’¯ğŸ’¯ kids ko gadgets or expensive items hi chahiye ajkal.. and all big schools r just showoff.. proper education to milti nhi schools me
101,2022-11-23 17:34:26+00:00,sheetal8222,"Mindblowing episode 
And what a stellar performance by
 @TheRupali @iamgauravkhanna, you guys @TheRupali @iamgauravkhanna truly rocked onscreen today. ITV is truly blessed to have such phenomenal actors.
#Anupamaa #AnujKapdia #MaAn"
102,2022-11-23 17:34:18+00:00,B224Sheetal,@BoltaHindustan à¤¶à¤¾à¤¯à¤¦ à¤¸à¤ªà¤¨à¥‹ à¤®à¥‡à¤‚
103,2022-11-23 17:30:40+00:00,GJyoti,@indiaforums @neilbhatt4 Whats new or different in that????
104,2022-11-23 17:30:26+00:00,B224Sheetal,@unavailable1009 ğŸ˜„ğŸ˜„
105,2022-11-23 17:27:48+00:00,Sheetal1842,Tattoo can literally fix you.
106,2022-11-23 17:25:49+00:00,who_is_snehAa,@Jigs9978 Sheetal kon h
107,2022-11-23 17:23:11+00:00,Sheetal09967737,@notyourseher Me
108,2022-11-23 17:23:04+00:00,VCHANDRASHEKAR1,@clumsy_gurll Sheetal mam fixed winner this year
109,2022-11-23 17:22:06+00:00,1KosmosBlockID,"ğŸ’¡""I imagine a world that makes a concerted effort to move towards a digital identity that is portable, privacy-preserving, and creates trustworthy interactions.""

Read more from Sheetal Elangovan in her @timesofindia article: https://t.co/0cB5MgpwKH

#blockchain #cybersecurity https://t.co/xRojuJsNMf"
110,2022-11-23 17:19:35+00:00,Nehasha82729979,Kisi Ka boss bae tag Priyanka ko Dedi rangu Sheetal ne sheetal to seasonal nikhla https://t.co/Af8gr4cnoP
111,2022-11-23 17:18:27+00:00,sheetal18232400,"1. @HelloSakshiii bhai tera matter ğŸ¥²
2.pata nai m MBBS wali hu
3.Han to sidha tl m intract karke bolo nağŸ˜Œ https://t.co/Qoqbs7p5e5"
112,2022-11-23 17:14:52+00:00,Sheetal1842,"City of dreamsğŸ˜´ğŸ’­. 
#Throwback #mymumbai #Mumbai https://t.co/0oPZWoSbWQ"
113,2022-11-23 17:12:35+00:00,deathicey,@CaliberJacob Panda in S?! Canes and Culvers that low on the list?! Dennyâ€™s at Aâ€¦ this tierlist is for impressions no shot.
114,2022-11-23 17:12:13+00:00,SheetalBasi,@alisoncaplan So sorry Alison heartbreaking ğŸ™ğŸ½ğŸ’”
115,2022-11-23 17:11:58+00:00,SheetalSalunke7,@Shehzad113212 @real_khabri_1 Unhone iss bat ke liye sorry bola hai.. But jo ghar me ho raha hai wo kya hai?
116,2022-11-23 17:04:02+00:00,sheetal18232400,"@Raghavg175 Meko paise Do

M song idea ki bharmar de duğŸ˜‚"
117,2022-11-23 17:03:57+00:00,writesinLA,"@sheetalsheth @penguinrandom @MMPress_ So happy to see this, Sheetal!! Love it!"
118,2022-11-23 17:02:50+00:00,sheetal18232400,"@Raghavg175 Why it's called I m in love and not ""pyar hua ikrar hua hai pyar se fir kyu darta hai dil"" ğŸ˜Œ"
119,2022-11-23 17:01:54+00:00,SheetalSalunke7,@_GoriNagori_ Thx gori ji..respect for that..
120,2022-11-23 17:00:24+00:00,spinkygal,@Aryanlegend https://t.co/AudNSK8rDY
121,2022-11-23 16:59:53+00:00,spinkygal,@WorldofAndyCapp Surely the job centre people need a lesson in Customer Service...maybe Andy can be the trainer...training at the pub
122,2022-11-23 16:57:33+00:00,SheetalRajputN,"#GujaratPolls2022 #0930PM #SpecialReport #News24 
à¤—à¥à¤œà¤°à¤¾à¤¤ à¤®à¥‡à¤‚ BJP à¤•à¥‡ à¤…à¤­à¥‡à¤¦à¥à¤¯ à¤•à¤¿à¤²à¥‡ 'à¤¸à¥‚à¤°à¤¤ ' à¤•à¥€ à¤¬à¤¿à¤— à¤«à¤¾à¤‡à¤Ÿ!
https://t.co/JPSuSbI4OA https://t.co/gwaa4e7mQe"
123,2022-11-23 16:55:41+00:00,SheetalJaitly,@HeyNurseKat @Alberta87846145 @Snowcow79 @eroded1 @RichardBethell @SheilaGunnReid Pls share findings that icu is overrun by unvaccinated
124,2022-11-23 16:55:34+00:00,MangroliyaNare1,@Sheetal_Parekh_ Right.      àª…àª§à«‚àª°à«€. àª…àª§à«‚àª°à«€.
125,2022-11-23 16:55:11+00:00,SheetalJaitly,@eroded1 @HeyNurseKat @Snowcow79 @Alberta87846145 @RichardBethell @SheilaGunnReid Iâ€™m Canadian - people canâ€™t get a family dr or meds for their kids- they have no option but to go to hospital and most times when itâ€™s too late
126,2022-11-23 16:53:22+00:00,sheetal_bsakpal,@JeenalNGalaINC @Asifrahmanmolla ğŸ˜•ğŸ’”ğŸ’” truly shocking. May his soul RIPğŸ™
127,2022-11-23 16:49:56+00:00,RujiYata,"@Jigs9978 Sajid sheetalğŸ˜‚ğŸ˜‚ğŸ™
WE STAND BY SUMBUL"
128,2022-11-23 16:47:17+00:00,sexiasrm,Valhalla phase 3 go goğŸ™Œ @MalikAl96342285 @sheetal_85goel @DuongTrickLo111 @corymacncheese @SaadYasin_1 @Imrank88943 @RRwifestealer @Mohamed21710704 @NumanRaj81 @CabayeMajor @sellmeyourNFT @DaoudaKonate343 @Sarudraws https://t.co/uXLMgYlDTu
129,2022-11-23 16:42:53+00:00,Narayan98296699,@Gubyad_Savitri @Gubyad_Snehal @KolsulkarNina @PrachiShintre1 @shiv_kabbure @Gopi_v7137 @NeneSiddhi @PareSnehal @Sheetal_Hindu @SnehalPatil4SP @Pratham_611 Hindu hai isliye yai desh secular hai or yai mulle ush secular ka faida utha rahe haiğŸ˜¡ğŸ¤¬
130,2022-11-23 16:41:33+00:00,SamMehr01946066,@Jigs9978 Sheetal kon h bhai
131,2022-11-23 16:41:16+00:00,Sheetal1842,"Pakistani music, fast bowlers and.. ğŸ”¥ğŸ”¥"
132,2022-11-23 16:40:54+00:00,MissBalpreet,"Finally the truth comes out they trying to make priyanka win,
# sheetal  maâ€™am 2.0 pending 
#bigboss has totally lost it after the 13th season 
Chall letâ€™s see what they got planned sorry I meant scripted ğŸ™‚ https://t.co/1p1r1lO9E3"
133,2022-11-23 16:38:23+00:00,sheetal07340984,@ColorsTV @justvoot @TheNishantBhat @sritianne Only #GashmeerMahajani https://t.co/oDP1Axzx3R
134,2022-11-23 16:36:28+00:00,SheetalYadavG,@justvoot Ankit
135,2022-11-23 16:33:00+00:00,sheetalnayak03,@AnuragSinghDeo3 ğŸ¤£ğŸ¤£ğŸ¤£
136,2022-11-23 16:29:30+00:00,sheetal07340984,@pinkisaha999 @Deb31358820 @NaaginBlockbus1 Only one FL in original storyline
137,2022-11-23 16:28:30+00:00,sheetal_bsakpal,When was the last time it was in Gujarat to ruin it?ğŸ˜ https://t.co/AB0MxEgiv5
138,2022-11-23 16:27:39+00:00,she_et_al,"Still waiting for you to call me back regarding #Bill23 as I was told you would, @DaveSmithPtbo. I expect you would speak with your constituents who are concerned about this bill before the final vote? https://t.co/RWpUGnNZNP"
139,2022-11-23 16:27:27+00:00,BornToConquerrr,@sbaisha08 Uss ladali ko ye nahi pata ki sheetal ne usako vamp bana diya hai bahar ğŸ˜‚
140,2022-11-23 16:23:55+00:00,sheetal_mp,"@iamRashmika à²¨à³à²¯à²¾à²¶à²¨à²²à³ à²¡à²—à²¾à²°à³...  à²¨à²¿à²¯à²¤à³à²¤à²¿à²²à³à²²à²¦ à²¦à²°à³à²µà³†à²¸à²¿ à²¨à³€à²¨à³,"
141,2022-11-23 16:22:32+00:00,sheetal_009020,WTF are these headlines?? https://t.co/2YgQVUjAAI
142,2022-11-23 16:22:16+00:00,sbaisha08,@BornToConquerrr Yeh bhi sheetal ki laadli ha
143,2022-11-23 16:19:56+00:00,SheetalSalunke7,@real_khabri_1 Jis pita ki beti ka character uchala ja raha hai wooo kya kare...mere pita ne bhi same yahi karenge
144,2022-11-23 16:14:47+00:00,babusheetal,"@Nikkuale @PMModiFC @AskAnshul Beta nikhil, kounsa Nasha kartey ho ? Free Walla ya sasta Walla ??"
145,2022-11-23 16:14:18+00:00,babusheetal,@Trishoolin21 @AskAnshul I see what u did thereğŸ˜œ
146,2022-11-23 16:13:20+00:00,sahilwani1919,@Gubyad_Savitri @Gubyad_Snehal @KolsulkarNina @PrachiShintre1 @shiv_kabbure @Gopi_v7137 @NeneSiddhi @PareSnehal @Sheetal_Hindu @SnehalPatil4SP @Pratham_611 Bhagwadhari â˜•ï¸ https://t.co/LAS9AbUkYv
147,2022-11-23 16:12:25+00:00,Sheetal31492793,@chartdatabts_ let's go Indian armys ğŸ’œ
148,2022-11-23 16:08:07+00:00,SheetalPronamo,"The Hanuman temple was demolished in Abu, Rajasthan.. When the HiÏ€du community raised their voice against it, they  were beaten with sticks and Jailed 

This is Ashok Gehlot 's Congress sarkar if Rajasthan https://t.co/pgKNQ2Gbhb"
149,2022-11-23 16:08:00+00:00,haiderdar1234,@admirer_teja thanks to sheetal mam and colours
150,2022-11-23 16:06:52+00:00,KandariSheetal,@mohbhg à¤œà¤¯ à¤¶à¥à¤°à¥€ à¤°à¤¾à¤® ğŸš©
151,2022-11-23 16:04:46+00:00,sheetal_bsakpal,@blah_blu_blee ğŸ¥º hope it's better tomorrow ğŸ«‚ğŸ«‚ğŸ’•
152,2022-11-23 16:00:33+00:00,Sachin_Gupta869,"@sheetal18232400 Bechari ko sadma lag gaya hai, koi ni ....
Get well soon sheetal ğŸ¥²"
153,2022-11-23 15:56:28+00:00,MangroliyaNare1,"@Sheetal_Parekh_ àªµàª¾àª¹. àª àª¤à«‹. àª†àª‚àª–à«‹ àª•à«€. àª®àª¸à«àª¤à«€ àª®à«‡àª‚.  
  Very Nice......  àªœàª¯ àª¶à«àª°à«€ àª•à«ƒàª·à«àª£"
154,2022-11-23 15:40:00+00:00,SheetalGujare,*à¤—à¥à¤œà¤°à¤¾à¤¤ à¤µà¤¿à¤§à¤¾à¤¨à¤¸à¤­à¤¾ à¤¨à¤¿à¤µà¤¡à¤£à¥‚à¤• à¤ªà¥à¤°à¤šà¤¾à¤°: @RamVSatpute @Dev_Fadnavis @AmitShah @BJP4Maharashtra https://t.co/ULIVjYeEOC
155,2022-11-23 15:34:44+00:00,saravan78491169,"@SheetalRajputN Rocking babe sheetal, I can see the fire in your eyesğŸ‘ğŸŒ¹"
156,2022-11-23 15:26:45+00:00,SheetalRajputN,"#à¤¨à¤¿à¤·à¥à¤ªà¤•à¥à¤·à¤¨à¥à¤¯à¥‚à¤œ #9PM #News24 
à¤¸à¤¤à¥à¤¯à¥‡à¤¨à¥à¤¦à¥à¤° à¤œà¥ˆà¤¨ à¤ªà¤° BJP à¤•à¤¾ à¤µà¤¾à¤°, à¤œà¥‡à¤² à¤®à¥‡à¤‚ à¤•à¥à¤¯à¥‹à¤‚ à¤®à¤¿à¤² à¤°à¤¹à¤¾ à¤«à¤²à¤¾à¤¹à¤¾à¤°?
à¤¤à¥‡à¤œà¤¸à¥à¤µà¥€ à¤”à¤° à¤¨à¥€à¤¤à¥€à¤¶ à¤¸à¥‡ à¤®à¥à¤²à¤¾à¤•à¤¾à¤¤, à¤†à¤¦à¤¿à¤¤à¥à¤¯ à¤ à¤¾à¤•à¤°à¥‡ à¤•à¥€ à¤•à¥à¤¯à¤¾ à¤¹à¥à¤ˆ à¤¬à¤¾à¤¤?
à¤¦à¤¿à¤¨ à¤•à¥€ à¤¤à¤®à¤¾à¤® à¤°à¤¾à¤œà¤¨à¥€à¤¤à¤¿à¤• à¤¹à¤²à¤šà¤² #à¤¨à¤¿à¤·à¥à¤ªà¤•à¥à¤·à¤¨à¥à¤¯à¥‚à¤œ #9PM #News24 https://t.co/7GN2nxO7L4"
157,2022-11-23 15:24:19+00:00,Sheetal83879466,@Sau_m_ya à¤¶à¥à¤­ à¤°à¤¾à¤¤à¥à¤°à¤¿ à¤¬à¤¹à¤¨à¤¾
158,2022-11-23 15:22:59+00:00,crestnfeallen,Just registered!! Go go next blue chip!!!ğŸ™Œ @sandeepyadav445 @AncusMaximus @Atahualp81 @floirellexyz @AdiAjikumar @tanha__e @Harshk624462 @me_shrak @stefaniaulia71 @Vijay_fan007 @0Tamilzhan @MalikAl96342285 @sheetal_85goel https://t.co/SG0rRNUArp
159,2022-11-23 15:21:41+00:00,Sheetal83879466,@nvyahu1 à¤¶à¥à¤­ à¤°à¤¾à¤¤à¥à¤°à¤¿ à¤¬à¤¹à¤¨à¤¾ ğŸ˜Š
160,2022-11-23 15:20:17+00:00,sheetal07340984,"@ColorsTV @justvoot @TheNishantBhat @sritianne C -only #GashmeerMahajani 
Most entertainmening acts"
161,2022-11-23 15:19:48+00:00,Sheetal83879466,"à¤ªà¥à¤°à¥‡à¤® à¤•à¥€ à¤ªà¤¹à¤²à¥€ à¤¶à¤°à¥à¤¤

à¤•à¥€

à¤ªà¥à¤°à¥‡à¤® à¤®à¥‡à¤‚ à¤•à¥‹à¤ˆ à¤¶à¤°à¥à¤¤ à¤¨à¤¹à¥€à¤‚ à¤¹à¥‹à¤¤à¥€!

#à¤¦à¤¿à¤²_à¤•à¥€_à¤¬à¤¾à¤¤ à¤¶à¥à¤­ à¤°à¤¾à¤¤à¥à¤°à¤¿ ğŸ™ğŸ»ğŸ˜Šâ¤ï¸ https://t.co/fjKlHX0pNc"
162,2022-11-23 15:19:22+00:00,imlnk,@sheetal_bsakpal @baehaya_aurat Same here
163,2022-11-23 15:18:17+00:00,sheetal_bsakpal,@imlnk @baehaya_aurat Love ke ideas hi toxic the saare. Didn't even know it was abuse at the time.
164,2022-11-23 15:17:34+00:00,sheetal_bsakpal,@loony_madam @baehaya_aurat ğŸ«‚ğŸ’•
165,2022-11-23 15:12:30+00:00,JNJoshi8,@Sheetal_Parekh_ àªµàª¾àª¹ ğŸ‘ğŸŒ¹
166,2022-11-23 15:12:11+00:00,_ShoppingStars,Christmas Chocolate- Special Real Belgian Artisan Chocolate https://t.co/SKwjhKz3Gw via @amazon
167,2022-11-23 15:10:46+00:00,sheetal07340984,@aapkokya3 #GashmeerMahajani ğŸ˜
168,2022-11-23 15:10:19+00:00,Sheetal83879466,@Neeti___ à¤¶à¥à¤­ à¤°à¤¾à¤¤à¥à¤°à¤¿ à¤¨à¥€à¤¤à¤¿ ğŸ˜Š
169,2022-11-23 15:08:01+00:00,SheetalJaitly,@volvoshine https://t.co/wXb8JodgtE
170,2022-11-23 15:07:26+00:00,Shitu68179362,"à¤—à¤²à¥€ à¤®à¥‡à¤‚ à¤†à¤œ à¤šà¤¾à¤‚à¤¦ à¤¨à¤¿à¤•à¤²à¤¾ ğŸ˜
#KaranvirSharmağ“‡¼
#KaranvirSharma
@karanvirsharma9 https://t.co/Zr4adPV4r7"
171,2022-11-23 15:05:38+00:00,_ShoppingStars,"BOGATCHI Merry Christmas BAR, Christmas Chocolate, Christmas Chocolate Gift, Christmas Chocolate BAR, Christmas Gifts Chocolate, 15% Dark Chocolate, 70 G https://t.co/3vTX5gRQBA via @amazon"
172,2022-11-23 15:03:34+00:00,SheetalHiremath,@w_aliaH21 Same same  feeling ...
173,2022-11-23 15:01:26+00:00,SheetalJaitly,@HeyNurseKat @Snowcow79 @eroded1 @Alberta87846145 @RichardBethell @SheilaGunnReid ICUs arenâ€™t filled with unvaccinated- public info if you want to look.  You could keep turning a blind eye but donâ€™t force others to be like you
174,2022-11-23 15:00:55+00:00,SheetalHiremath,@Sarawaqar141 Kyun kyun kyun why are you doing this... plz plz hint dedo... https://t.co/Lh5eeBl4Iw
175,2022-11-23 15:00:09+00:00,SheetalJaitly,Japannnnnnnnnnnnnnn wow wow wow
176,2022-11-23 14:56:55+00:00,sheetalmittal,@_sayema @DDNewslive Iâ€™m sure this madarasa chhaap educated woke woman @_sayema didnâ€™t understand the meaning of this Hindi proverb. ğŸ¤£
177,2022-11-23 14:55:37+00:00,SheetalPronamo,"Taliban Lashes 2 Women for Music Party in Noristan Province Afghanistan

But for the Sayema,Rana &amp; Arfa  it's their Freedom of Choice to take those lashes https://t.co/fyuHaYIuck"
178,2022-11-23 14:53:59+00:00,SheetalPronamo,@meerutpolice Dhanyawad ğŸ™â¤ï¸â¤ï¸
179,2022-11-23 14:53:25+00:00,sarjanshetal,@Aditi_Yadav000_ à¤†à¤œ à¤®à¥ˆà¤¨à¤ªà¥à¤°à¥€ à¤šà¥à¤¨à¤¾à¤µ à¤ªà¥à¤°à¤šà¤¾à¤° à¤®à¥‡à¤‚ à¤¹à¤® à¤­à¥€ à¤—à¤ à¤¥à¥‡
180,2022-11-23 14:51:58+00:00,Sheetal16864347,@GodwokenRises ğŸ‘‹ from pune
181,2022-11-23 14:51:19+00:00,4f78e3f8b2bb482,@surgamc @ArvindKejriwal Arrey kattar besharam hai yeh aadmi. Besharmi se kahega ki EC aur EVM ne haraya hai is ko.
182,2022-11-23 14:50:20+00:00,Sheetal83879466,@Sarlass1008 à¥ à¤¨à¤®à¤ƒ à¤¶à¤¿à¤µà¤¾à¤¯
183,2022-11-23 14:46:08+00:00,sheetal07340984,"@Gashmeer @SalmanYKhan Aftr jhalak Bhediya,Hindi Movie,Web  tht's  intresting! @Gashmeer is again ready to simultaneously rule  in all mediums of entertainment ğŸ˜ğŸ˜‡!
2022 Hi tar faqt Suruwat ahe GashuğŸ¤©, ithun pudhe asach chalu rahanarğŸ‘Œ
 bcz ""Talent n Work Speaks Louder Than Words""
#GashmeerMahajani https://t.co/DXMAmOHB3a"
184,2022-11-23 14:33:58+00:00,Sheetal83879466,@Bhartiy__ Har Har Mahadev ğŸ™ğŸ»
185,2022-11-23 14:32:47+00:00,B224Sheetal,@pretty_pallu à¤–à¥‚à¤ªà¤š à¤–à¤°à¥€ à¤µà¤¸à¥à¤¤à¥à¤¸à¥à¤¥à¤¿à¤¤à¥€.
186,2022-11-23 14:30:10+00:00,soft_hearted_,@Jigs9978 Sheetal ğŸ¤”
187,2022-11-23 14:29:22+00:00,mohanakj,"@nagin_madhu @mastarni_madhu @PiyuEndless @SanskrutiKapoor @itihot_mama @Sheetal_priya7 HEY ROOMKIRANI, IF UR DAD SEES THIS, HE WILL FUCKKKKK UU"
188,2022-11-23 14:29:05+00:00,pandita_sheetal,Made my day https://t.co/JLpQmIjWmQ
189,2022-11-23 14:27:55+00:00,GJyoti,@AmitOffline Characterless girl to ye ha
190,2022-11-23 14:27:09+00:00,abrat2811,@Jigs9978 sheetal kon h
191,2022-11-23 14:26:36+00:00,SheetalJaitly,This is awesome!!! https://t.co/W6fk0sNaYA
192,2022-11-23 14:26:02+00:00,mahuadey20,@sheetal_bsakpal Lol ğŸ˜‚
193,2022-11-23 14:25:29+00:00,pandita_sheetal,@elonmusk Life itself.
194,2022-11-23 14:21:51+00:00,SheetalHiremath,@TeekheTevar Aap ko samaj aya kya.. ğŸ˜”
195,2022-11-23 14:19:03+00:00,monsheet,@beingarun28 Arun frusta gaya hai
196,2022-11-23 14:18:58+00:00,Sheetal83879466,@bhupenverma71 @ShivShivayee Bolo
197,2022-11-23 14:18:12+00:00,sheetal_bsakpal,@mahuadey20 World War ka faislağŸ˜­ğŸ˜­
198,2022-11-23 14:16:16+00:00,SheetalJaitly,"@Snowcow79 @HeyNurseKat @eroded1 @Alberta87846145 @RichardBethell @SheilaGunnReid False again!
However you are okay with front line workers losing their jobs ğŸ¤¦ğŸ¾â€â™‚ï¸"
199,2022-11-23 14:15:40+00:00,pbszCeW07lv1UvD,@Sheetal_Parekh_ ğŸŒ¹àªœàª¯ àª¶à«àª°à«€ àª•à«ƒàª·à«àª£ğŸŒ¹ğŸ™ğŸŒ¹ https://t.co/9AcDiSh3Ry
200,2022-11-23 14:14:31+00:00,Sheetal09967737,@Sonali63394077 Bhai priyanka ki bhn or bhai bhi ankit ko support kr rhi h but teri pta nhi kya toxic thinking h uski family se jyada to nhii jante na tum ankit ko...toxic solo
201,2022-11-23 14:13:48+00:00,Sheetal83879466,@bhupenverma71 @ShivShivayee Bolo vj kya h y sb
202,2022-11-23 14:13:46+00:00,SheetalJaitly,@HeyNurseKat @Snowcow79 @eroded1 @Alberta87846145 @RichardBethell @SheilaGunnReid The vaccine doesnâ€™t prevent spread ğŸ¤¦ğŸ¾â€â™‚ï¸
203,2022-11-23 14:13:24+00:00,Sheetal10482300,@Kashmirclarion @KhanRaqeeqJKAP @YouTube @regionalnewsage @Apnipartyonline @AltafBukhari01 Apni Party Zindabad
204,2022-11-23 14:11:48+00:00,Sheetal26555997,"#à¤­à¤—à¤µà¤¦à¤—à¥€à¤¤à¤¾_à¤•à¥‡_à¤—à¥‚à¤¢à¤¼_à¤°à¤¹à¤¸à¥à¤¯
To know more information must watch sadhna tv at 07.30 pm https://t.co/1HvUvWbmIm"
205,2022-11-23 14:11:02+00:00,Sheetal26555997,"#à¤­à¤—à¤µà¤¦à¤—à¥€à¤¤à¤¾_à¤•à¥‡_à¤—à¥‚à¤¢à¤¼_à¤°à¤¹à¤¸à¥à¤¯
To know must read sacred book "" Gyan Ganga"".
Must visit our website https://t.co/hFWmCMD5Y6 https://t.co/UEaYr6qklY"
206,2022-11-23 14:10:27+00:00,Sheetal10482300,@republic @AltafBukhari01 Altaf Bukhari Ji Zindabad
207,2022-11-23 14:09:59+00:00,Sheetal10482300,@republic @KhanRaqeeqJKAP @AltafBukhari01 Apni Party Zindabad
208,2022-11-23 14:09:49+00:00,Sheetal10482300,@republic @KhanRaqeeqJKAP @AltafBukhari01 Altaf Bukhari Ji Zindabad
209,2022-11-23 14:09:45+00:00,Sheetal10482300,@republic @KhanRaqeeqJKAP @AltafBukhari01 Apni Party Zindabad
210,2022-11-23 14:07:43+00:00,Sheetal83916390,"@ksoochilling There are some lines..when Zhang shui changed her sandel, Shi yan asked her ""why is she so short""..Zhang shui told him ""this is a physical attack,so what I am short,bus conductor still takes fees as an adult from meğŸ«¤ğŸ«¤"""
211,2022-11-23 14:05:04+00:00,KirtibhaiThakk3,@Sheetal_Parekh_ ğŸ‘ğŸ‘ğŸ‘
212,2022-11-23 14:03:34+00:00,Shitalhitesh03,@arbi_kp @fahmaankhan Ab mon to fri rat ko 8 baje no disturbance only Ravi Randhava â™¥ï¸â™¥ï¸â™¥ï¸â™¥ï¸
213,2022-11-23 14:03:17+00:00,Sheetegiin,Video below gave me goosebumpsâ€¦
214,2022-11-23 14:02:39+00:00,sheetal18232400,@NimeshrKotadiya @SuryansMisra Khus
215,2022-11-23 14:02:35+00:00,sheetal18232400,@NimeshrKotadiya @SuryansMisra ğŸ˜ƒ
216,2022-11-23 14:00:34+00:00,ajeet4399,@RubiDilaik Madam aesa kuchh baat nhi h . Hum to bs itna jante h k aapke upr sheetal mate ka haath h or colour tv k Bahu ho. Itna hi mujhe pta h bs
217,2022-11-23 13:59:25+00:00,SheetalJaitly,@RichardBethell @Snowcow79 @eroded1 @Alberta87846145 @HeyNurseKat @SheilaGunnReid Completely false!!!!!
218,2022-11-23 13:58:36+00:00,SheetalJaitly,@Snowcow79 @eroded1 @Alberta87846145 @HeyNurseKat @RichardBethell @SheilaGunnReid Drive to another country? Or drive in the winter 5 days across this country. Iâ€™m sorry these people were fighting for their rights.  They werenâ€™t doing anything to tell you how to live- they wanted their personal choice
219,2022-11-23 13:58:30+00:00,YetToBeNamed_,Anbe Ann SheetalğŸ˜ https://t.co/oQfw79ywgu
220,2022-11-23 13:58:13+00:00,Sheetal10482300,@republic @KhanRaqeeqJKAP @AltafBukhari01 Next CM will be Altaf Bukhari Ji.
221,2022-11-23 13:54:13+00:00,SheetalJaitly,@Snowcow79 @eroded1 @Alberta87846145 @HeyNurseKat @RichardBethell @SheilaGunnReid Over their own medical choice? People couldnâ€™t take a plane or a train to see loved ones? Cmon stop being a troll
222,2022-11-23 13:51:41+00:00,shriteju33,"@NizumNoshin @Basskaroyarr Did I say troops r saint.
..but u do claim squads r innocent...anyways the tweet about dahej came because squads say teja got nagin and she won because of sheetal the same sheetal who gave kk two shows on colors..."
223,2022-11-23 13:50:14+00:00,Sheetupxjw,Still believe it provides tâ€¦
224,2022-11-23 13:49:50+00:00,Hiki13000346,@drphunny Apni hi fav tp ki itni bezzati kon karta hai sheetal ki beti chalo maan toh liya
225,2022-11-23 13:49:25+00:00,shriteju33,@NizumNoshin @Basskaroyarr What did troops say to kk? That kk is sheetal ka daamad? Before squads called teja same? Tell me squads never called teja that and I will bow down
226,2022-11-23 13:47:16+00:00,Sheetal60503447,@CAAshishAgarwa @KhannSaffat @wasimkhan0730 Jo saccha musalman hoga ..bo nafrat nhi krega aurangjeb ki aulad ko modi ji nafrat to hogi ..
227,2022-11-23 13:47:04+00:00,SheetalSalunke7,@Rubina_Fanclub_ @ColorsTV @BiggBoss Aapaka bohot bohot shukriya ki aap log sumbul ko support kar rahe haii... Thanks fandom hamane bhi rubiko multiple id se vote kiya haiiğŸ¥°
228,2022-11-23 13:45:37+00:00,SheetalHiremath,@Sarawaqar141 Ohhh shit ğŸ˜µğŸ˜µğŸ˜µğŸ˜µğŸ˜µğŸ˜µğŸ˜µğŸ˜µhot ğŸ”¥ ğŸ”¥ğŸ”¥ğŸ”¥ğŸ”¥ğŸ”¥ğŸ”¥ğŸ”¥ğŸ”¥
229,2022-11-23 13:45:08+00:00,sheetal18232400,@Ashwin__369 Niceeee
230,2022-11-23 13:44:58+00:00,loony_madam,@sheetal_bsakpal @baehaya_aurat ğŸ«‚ğŸ«‚ğŸ«‚
231,2022-11-23 13:44:45+00:00,sheetal18232400,@SuryansMisra ğŸ˜
232,2022-11-23 13:44:44+00:00,SheetalJaitly,@eroded1 @Alberta87846145 @HeyNurseKat @Snowcow79 @RichardBethell @SheilaGunnReid People lost their jobs have some empathy
233,2022-11-23 13:44:32+00:00,GJyoti,@siyavt06 @sairatxmimo Sai is like savi onlyğŸ˜‚ğŸ˜‚ğŸ˜‚
234,2022-11-23 13:44:12+00:00,imlnk,@sheetal_bsakpal @baehaya_aurat This resonates!!   N hv seen that happen so very often. Women are very gullible tooâ€¦
235,2022-11-23 13:44:08+00:00,SheetalJaitly,Fog rolling in https://t.co/FO3ochapPk
236,2022-11-23 13:43:46+00:00,itsmepskiran,@Devi1747 ğŸ˜‚ğŸ˜‚
237,2022-11-23 13:42:18+00:00,mediahindustan,"SHEETAL THAKUR: Full bio,Career &amp;Â More https://t.co/J8QRMxMi2z"
238,2022-11-23 13:42:02+00:00,GJyoti,@baishalir905 But why police??
239,2022-11-23 13:41:51+00:00,shriteju33,@NizumNoshin @Basskaroyarr The poking tweet which said kk got show in dahej? Don't squad always say teja is colors ki beti sheetal ki beti and all....that tweet comes from there sweetie again as I said blind much huh?
240,2022-11-23 13:37:07+00:00,HerHeartSays_,"Aa gaya bhagoda ğŸ˜‚ğŸ¤£
Btw Sheetal is not anywhere in the Jhalak team ğŸ¤£ğŸ¤£
Still butthurt about BB14 victory....ohh le le ğŸ¤£ğŸ¤£
Bichara bhagoda https://t.co/OpqzJeJEGp"
241,2022-11-23 13:36:18+00:00,sheetal07340984,@MXPlayer @sidharth_shukla @Thearjunbijlani @Gashmeer #GashmeerMahajani  expressions ğŸ˜ğŸ˜
242,2022-11-23 13:35:50+00:00,sheetal18232400,@AaryaMalakar Your welcome
243,2022-11-23 13:34:12+00:00,sheetalKrishi,Enterprise techâ€™s worst-kept secret: The persistence of mainframe https://t.co/uOaogGdfyi via @CIOdive
244,2022-11-23 13:32:08+00:00,Sheetal10482300,Be a Good Human being
245,2022-11-23 13:31:49+00:00,HorlicksP,"Sheetal mam ko thank u bol rhi h 
#RubinaDilaik 
#JhalakDikhhlaJaa10 https://t.co/ykR3UkivJw"
246,2022-11-23 13:27:16+00:00,Sheetal10482300,@republic @AltafBukhari01 Apni Party Zindabad
247,2022-11-23 13:27:07+00:00,SheetalJaitly,"â€œPlans are worthless, but planning is everythingâ€ â€“ Dwight D. Eisenhower"
248,2022-11-23 13:27:02+00:00,Sheetal67884783,@Shivang98570629 @ritikab80666481 Thank god pta nhi yeh ghatiya admi kya karta
249,2022-11-23 13:25:21+00:00,SheetalJaitly,"We have seen a lot of cuts and companies did get bloated- We're hiring here at @TribalScale and are always looking for the brightest to join us
https://t.co/vVL33xOotp"
250,2022-11-23 13:18:59+00:00,sheetalERS7080,"Aaichya Gavat...Champions always try and play until they get it right ğŸ†
#ShivThakare #ShivIsTheBoss https://t.co/It4AwAa4TW"
251,2022-11-23 13:17:25+00:00,KhileryDhanna,@Tanusha_Arora @RekhaSh90781202 @maleforfunchat1 @AshikAawara @Naughty_Seema @AnushaArora_ @RaviP_RaviP @Ra__THOR @RajKuma44653275 @Rakesh60231 @Sheetal_priya7 Aesa kese btawo na
252,2022-11-23 13:17:20+00:00,Sheetal_Hindu,@Ramesh_hjs @RameshwarAryaji @AdvKhushHTF @RWofMH @Tushar_KN @thebritishhindu @ThtKashmiriGuy @Rajput_Ramesh @KapilMishra_IND @Vishnu_Jain1 #Savarkar ğŸš©
253,2022-11-23 13:13:41+00:00,sheetalERS7080,"@ShivThakareTM @ShivThakare9 Wowww amazing.ğŸ¥°.Aai shapath Mastach.â¤

#ShivThakare"
254,2022-11-23 13:08:16+00:00,SheetalPronamo,"The fact check of the Zubair is exposed
The forensic test proves that  Abdul Salam Ansari ,PFI leader did raise Pro Pakistan slogan - ""Pakistan Zindabadâ€™ in Rajasthan.

Alt News should be banned for supporting Anti- national activities https://t.co/2oPTFt0GEL"
255,2022-11-23 13:08:08+00:00,SheetalMadan2,"A promise made by the Centre,during the division of our State, is yet to be realised. We demand Special Status to AP, as per 2014 Reorganization Act 2014. AAP stands firm on this. 1st step towards the demand. 
@ArvindKejriwal 
@msisodia 
@ManiNaiduAAP 
#AndhraLoKudaKejriwal https://t.co/mVyr5W94br"
256,2022-11-23 13:06:47+00:00,NirutVTIKU,Made $1792 holy crap ğŸ”¥ @EstherHuggins4 @JKontermann @ALWAYSWINWIN23 @pcastro_m @sheetal_tweets @From_white2 @mohop_official @ScottBelle5 @futtbol2011 @PotatoGuild @Alain_Perozo @xiaotingwin @BsaifSaif @oniqhew https://t.co/V9BFplLWRt
257,2022-11-23 13:06:41+00:00,sheetal_bsakpal,@mahuadey20 ğŸ«‚ğŸ’•
258,2022-11-23 13:06:33+00:00,sheetal_bsakpal,@bullyfromdesert ğŸ˜ğŸ¤¦â€â™€ï¸
259,2022-11-23 13:05:21+00:00,B224Sheetal,@Anya2_26_6 @pretty_pallu ğŸ˜ƒğŸ˜ƒ
260,2022-11-23 13:04:49+00:00,B224Sheetal,@pretty_pallu @Anya2_26_6 à¤®à¤²à¤¾ à¤•à¤³à¤²à¤‚ à¤¤à¥‡ à¤¸à¥à¤Ÿà¥€à¤•à¥à¤¸ à¤†à¤¹à¥‡à¤¤.
261,2022-11-23 13:04:17+00:00,SheetalJaitly,"100%
Truth is not something this government is capable of - choosing narratives is all they know https://t.co/gc1C97whX9"
262,2022-11-23 13:03:28+00:00,freetheworld,@sheetal_bsakpal One of the main reasons we get attached is because of the way the partner treats us. If that's not good enough then there's no option but to leave.
263,2022-11-23 13:02:52+00:00,SheetalJaitly,@LisaSLisson so true!
264,2022-11-23 13:02:26+00:00,Sheetal10482300,@republic @KhanRaqeeqJKAP @AltafBukhari01 Apni Party Zindabad
265,2022-11-23 13:01:46+00:00,Sheetal10482300,Humanity First
266,2022-11-23 13:01:34+00:00,LearnThisSecret,"@LifeMathMoney I tried to date a girl (call her Whitney) as part of a bet back in uni.

I spouted all sorts of beta bullsh*t &amp; got her female friend (Sheetal) on my side.

Sheetal kept telling Whitney ""you  should date him!""

Funny how Sheetal never considered such a great catch for herself ğŸ’€"
267,2022-11-23 13:00:28+00:00,Sheetal10482300,Avoid hatred and Ego adopt Love and Peace when you adopt love and peace then Universe will be very beautiful .you can change the world with power of love and Positivity.
268,2022-11-23 12:59:16+00:00,Sheetal10482300,"JKAP President @AltafBukhari01 today said people have rejected the divisive #politics in J&amp;K which was responsible for seven #decades of suffering.

Addressing a joining programme  where former General Secretary of #BarAssociation,Samba, Lovely Mangol #joined with his supporters. https://t.co/5wfna62N0I"
269,2022-11-23 12:58:53+00:00,jogia_sheetal,@niilampaanchal Many happy returns of the day to you in advance. Have a great day and blessed year ahead â¤ï¸ğŸ‚ğŸ¥³
270,2022-11-23 12:55:22+00:00,VJailkhani,"Jai ma chandraghanta sukhdham purn kijo mere kaam.
Chandra sman tu sheetal dhati
Chandra tej kirno me smati.
Krodh ko shant bannane wali
Meethe bol sikhanawali.
Man ki malik man bhati ho Chandraghanta tum vardati ho
Sunder bhav ko lane wali
Har Sankat me bachane wali."
271,2022-11-23 12:48:47+00:00,ModiRight,@misameerpawar @PrakashGade13 ğŸ¤£ mhanje Balasaheb hyana khota tharvita ahat tumhi. Te mhanat hote ki Satta hi party head chya hatat nasayala havi.... Kiti toh kevilwana prayatna
272,2022-11-23 12:48:12+00:00,TheD4Nish,@heyy_shibu Sheetal Adam ğŸ˜‚
273,2022-11-23 12:44:47+00:00,sheetalsingh86,"India, Uganda review spectrum of bilateral relations

https://t.co/iB8RjMwapv"
274,2022-11-23 12:43:45+00:00,PallaviPareek,"@sheetal_bsakpal Itâ€™s not a failure. Donâ€™t let the world fool you into thinking that you are supposed to heal completely. Pls. They are either selling a fake solution or have no understanding of what they are saying. Either way, non-credible voices."
275,2022-11-23 12:41:14+00:00,mumbaiactor_,@sheetal_bsakpal It was at peak in before 2000s especially during 1970s in USA. Saw many documentaries. Mind numbing.
276,2022-11-23 12:39:43+00:00,Shitu68179362,Shaurya and Ronnie https://t.co/NETrj1X8Bg
277,2022-11-23 12:38:29+00:00,sheetalsingh86,"India, Gabon hold first Foreign Office Consultations

https://t.co/jmLB82hqzi"
278,2022-11-23 12:37:13+00:00,sheetalsheth,Itâ€™s the fuckin guns. ğŸ’”
279,2022-11-23 12:34:50+00:00,HirenRa30128711,@Sheetal_Parekh_ àª®àª¿àª¤à«àª°à«‹ àªàªŸàª²à«‡ àªœàª¿àª‚àª¦àª—à«€àª¨à«‹ àªàª• àª­àª¾àª—ğŸ‘ŒğŸ‘ŒğŸ‘ğŸ˜Š
280,2022-11-23 12:34:19+00:00,sheetalsheth,Love! https://t.co/y7RC8x3TCW
281,2022-11-23 12:34:09+00:00,sheetal_009020,https://t.co/JpZHEC9j3t
282,2022-11-23 12:33:55+00:00,sheetal18232400,@svacchanda Faculty nai hu m
283,2022-11-23 12:33:49+00:00,sheetalERS7080,@Jasminl97317954 @EndemolShineIND @ColorsTV @VootSelect @justvoot @manishathakare1 Thank u mandar bhau for this update @RidersAct
284,2022-11-23 12:31:46+00:00,NeelamKumarMah1,@Sheetal_Parekh_ Tamari baat so taka saachi chey.
285,2022-11-23 12:31:00+00:00,sheetal28_,@lhhskissr not listening to lou and liam's album?u be really missin out on a lot of things
286,2022-11-23 12:30:24+00:00,pandyasheetal,Your sensitivity to what your loved ones need is more finely t... More for Gemini https://t.co/3b915I2CKc
287,2022-11-23 12:30:00+00:00,_ShoppingStars,"LG 1.5 Ton 3 Star Hot and Cold Inverter Split AC-Ez Clean Filter (Copper, LS-H18VNXD, White) via @amazon"
288,2022-11-23 12:30:00+00:00,_ShoppingStars,Electrobot Plastic 24x7 Automatic Smart Digital Programmable Timer Switch with Smart Socket Plug with 20 ON/Off Setting (White) https://t.co/gWBXtA6DQx via @amazon
289,2022-11-23 12:30:00+00:00,_ShoppingStars,"Faber 3Ltr 3KW Instant Water Heater (FWG Insta 3L/3 kw), 5 Year Warranty on Tank, White https://t.co/cy9TVNrqJr via @amazon"
290,2022-11-23 12:29:17+00:00,bullyfromdesert,"@sheetal_bsakpal Donâ€™t bother, bhakts would believe it!ğŸ˜©ğŸ˜©ğŸ˜«"
291,2022-11-23 12:28:11+00:00,mahuadey20,@sheetal_bsakpal I am so sorry ğŸ˜” hugs ğŸ«‚ğŸ’
292,2022-11-23 12:27:10+00:00,Sheetal29756064,@justvoot AnkitğŸ’—
293,2022-11-23 12:26:24+00:00,sheetal_bsakpal,@PallaviPareek True. We probably just learn to handle the triggers. Feels like a failure when I'm unable to do that.
294,2022-11-23 12:25:42+00:00,Sheetalias,à¤ªà¥à¤²à¤¿à¤¸ à¤à¤‚à¤¡à¤¾ à¤¦à¤¿à¤µà¤¸ à¤ªà¤° à¤¬à¤§à¤¾à¤ˆğŸ‘®â€â™‚ï¸ à¤²à¥‡à¤•à¤¿à¤¨ à¤¶à¥à¤°à¥€à¤®à¤¾à¤¨ à¤¬à¤²à¤¿à¤¯à¤¾ à¤ªà¥à¤²à¤¿à¤¸ à¤®à¥‡à¤°à¥‡ à¤¸à¤®à¤¸à¥à¤¯à¤¾ à¤•à¤¾ à¤¸à¤®à¤¾à¤§à¤¾à¤¨ à¤¨à¤¹à¥€à¤‚ à¤•à¤°à¤¤à¥€ à¤¹à¥ˆà¥¤ Sp à¤¸à¤¾à¤¹à¤¬ à¤•à¥‡ à¤†à¤¦à¥‡à¤¶ à¤•à¥‡ à¤¬à¤¾à¤¦ à¤­à¥€ à¤•à¥‹à¤ˆ à¤•à¤¾à¤°à¥à¤¯à¤µà¤¾à¤¹à¥€ à¤¨à¤¹à¥€à¤‚à¥¤ à¤¥à¤¾à¤¨à¤¾ à¤ªà¥à¤°à¤­à¤¾à¤°à¥€ à¤”à¤° à¤•à¥à¤·à¥‡à¤¤à¥à¤°à¤¾à¤§à¤¿à¤•à¤¾à¤°à¥€ à¤¬à¤¾à¤‚à¤¸à¤¡à¥€à¤¹ à¤¦à¥à¤µà¤¾à¤°à¤¾ à¤®à¤¨à¤®à¤¾à¤¨à¥€ à¤¸à¥‡ à¤®à¥ˆà¤‚ à¤ªà¤°à¥‡à¤¶à¤¾à¤¨ à¤¹à¥à¥¤ @homeupgov @UPGovt @Uppolice @ndtv @adgzonevaranasi @digazamgarh @PMOIndia https://t.co/9iSR2cCmNs
295,2022-11-23 12:25:25+00:00,sheetal_bsakpal,@nandita_sen ğŸ«‚ğŸ«‚
296,2022-11-23 12:25:14+00:00,sheetal_bsakpal,@kaur_sawera ğŸ«‚ğŸ’•
297,2022-11-23 12:24:56+00:00,sheetal_bsakpal,@kirti_sd ğŸ«‚ğŸ’•
298,2022-11-23 12:23:55+00:00,sheetal_bsakpal,"If Twitter can survive this, so can you.
Keep going!
I guess I'm ready for LinkedIn nowğŸ˜¼"
299,2022-11-23 12:22:30+00:00,Sheetal84251344,@LokzUpdated @sidharth_shukla Agreed â¤ï¸â¤ï¸
300,2022-11-23 12:22:03+00:00,Sheetal84251344,"Just seen a clip of him dammm....he is so so graceful yaar.....how...GodğŸ¤—ğŸ˜˜ğŸ¤—
#SidharthShukla
#SidharthShuklaLivesOn https://t.co/osNffMs7dl"
301,2022-11-23 12:20:37+00:00,sheetal_009020,https://t.co/RL7JDGnvOX
302,2022-11-23 12:20:09+00:00,sheetal_009020,https://t.co/eZxhjGW9Vd
303,2022-11-23 12:19:40+00:00,sheetal_009020,Meme thread https://t.co/dWZXSAnqjn
304,2022-11-23 12:18:09+00:00,321Samay,@RockySIays Dinner ki taiyari..
305,2022-11-23 12:11:11+00:00,SheetalBJP,The best men win ğŸ† NAMO NAMO @ShelarAshish @rashtrapatibhvn @BJP_News_1 @BJPMMMumbai @prafulpbjp https://t.co/w55FERghxm
306,2022-11-23 12:09:07+00:00,sheetalvatika,"à¤à¤• à¤¨à¤¯à¥€ à¤¦à¥à¤¨à¤¿à¤¯à¤¾ à¤–à¥à¤¶à¤¿à¤¯à¥‹à¤‚ à¤•à¥€,  à¤à¤• à¤¨à¤¯à¤¾ à¤¸à¥‚à¤°à¤œ à¤à¤• à¤¨à¤¯à¤¾ à¤˜à¤°ğŸ¡
ğŸ‘‰à¤†à¤œ à¤¹à¥€ à¤¬à¥à¤• à¤•à¤°à¥‡à¤‚ #3bhkduplex #rowhouse #plot à¤¬à¤¾à¤²à¤¾à¤˜à¤¾à¤Ÿ à¤®à¥‡à¤‚à¥¤
à¤¶à¤¾à¤¨à¤¦à¤¾à¤° à¤¸à¥à¤µà¤¿à¤§à¤¾à¤“à¤‚ à¤•à¥‡ à¤¸à¤¾à¤¥à¥¤
ğŸ“±à¤…à¤§à¤¿à¤• à¤œà¤¾à¤¨à¤•à¤¾à¤°à¥€ à¤•à¥‡ à¤²à¤¿à¤ à¤¸à¤‚à¤ªà¤°à¥à¤• à¤•à¤°à¥‡à¤‚ 7000294007, 7000135551, 9893882299.
#Shreewaingangainfrastructure #Balaghat #realestate #realtor #realestateagent https://t.co/6vZSjlD0uL"
307,2022-11-23 12:08:12+00:00,sheetalchhaya9,Preventive health checkup Rs 999/- only #health #healthcare #boodtest #scd #ajaykaushik https://t.co/ToXKRxVM9a
308,2022-11-23 12:07:05+00:00,kirti_sd,"@sheetal_bsakpal Read this just now...
Words look hollow at times, so won't say anything...
ğŸ‘"
309,2022-11-23 12:00:48+00:00,Sonukha78625053,@Tanusha_Arora @AshikAawara @RekhaSh90781202 @Naughty_Seema @AnushaArora_ @RaviP_RaviP @Ra__THOR @RajKuma44653275 @Rakesh60231 @Sheetal_priya7 @maleforfunchat1 Sahi kaha
310,2022-11-23 12:00:31+00:00,MohantiSheetal,"Check out much more on Bilibili Comics - search ""Please Spare Me! Apprentice!"" and favorite!
 
#papergirls #marvelcomics #comicespa

https://t.co/TSYxTifWVy https://t.co/Yk6iFM4ZKx"
311,2022-11-23 12:00:07+00:00,MohantiSheetal,"""Please Spare Me! Apprentice!"" is an absolutely perfect comic! It's living rent free in my head!
 
#BCSpoilers #illusrtationartist #artstyle

https://t.co/mcGj60RDO2 https://t.co/djWTjQnt8P"
312,2022-11-23 11:51:06+00:00,sheetalmhatre1,"à¤–à¤¾à¤¸à¤¦à¤¾à¤° à¤­à¤¾à¤µà¤¨à¤¾à¤¤à¤¾à¤ˆ à¤—à¤µà¤³à¥€ à¤¯à¤¾à¤‚à¤šà¥à¤¯à¤¾ à¤µà¤¿à¤°à¥‹à¤§à¤¾à¤¤ à¤¹à¥à¤²à¥à¤²à¤¡à¤¬à¤¾à¤œà¥€
à¤•à¤°à¤£à¤¾à¤±à¥à¤¯à¤¾ à¤‰à¤§à¥à¤¦à¤µà¤—à¤Ÿà¤¾à¤šà¥à¤¯à¤¾ à¤•à¤¾à¤°à¥à¤¯à¤•à¤°à¥à¤¤à¥à¤¯à¤¾à¤‚à¤µà¤° à¤ªà¤•à¥à¤·à¤ªà¥à¤°à¤®à¥à¤– à¤•à¤¾à¤¯ à¤•à¤¾à¤°à¤µà¤¾à¤ˆ à¤•à¤°à¤£à¤¾à¤°? https://t.co/1MvheZSn0Y"
313,2022-11-23 11:50:44+00:00,SheetalPatel17,"Day 31 post surgery..

My little girl still has presents flooding in from everywhere..

I'm still broken/healing ğŸ˜¥ğŸ’”"
314,2022-11-23 11:45:55+00:00,kaur_sawera,@sheetal_bsakpal Hugs Sheetal.
315,2022-11-23 11:42:33+00:00,PallaviPareek,@ankitv @sheetal_bsakpal Sending love
316,2022-11-23 11:39:47+00:00,ankitv,"@PallaviPareek @sheetal_bsakpal â€œNothing is forgotten ever, we just become better at remembering.â€
Kya khoob likkha hai @PallaviPareek ğŸ’•"
317,2022-11-23 11:39:28+00:00,B224Sheetal,@pretty_pallu ğŸ¤
318,2022-11-23 11:38:42+00:00,PallaviPareek,"@ankitv @sheetal_bsakpal In so many ways, you have seen my un-healed side and so wonderfully you have just been there. Time doesnâ€™t heal, like an emotional workout, we get better at tolerating pain. And then we just get busy and occupied. Nothing is forgotten ever, we just become better at remembering."
319,2022-11-23 11:34:34+00:00,McStoryGal,"@HeyNurseKat Sheetal did not follow the news at the time or the current Inquiry, apparently."
320,2022-11-23 11:34:31+00:00,Sheetal77760021,@Noor_Marriii IPL
321,2022-11-23 11:34:27+00:00,ankitv,"@PallaviPareek @sheetal_bsakpal This is very profound Pallavi! And something we tell ourselves not to believe. The narrative around time heals all is so false and misleading. Thank you for saying it. 
I think we get better at letting go &amp; forgetting. Is that healing, I donâ€™t know."
322,2022-11-23 11:32:11+00:00,moneysharma054,"@Sheetal_priya7 @Sundarichachi @AshikAawara @BhawnaM26321854 @mrs_sharma34 @Naughty_Seema @SAPANAMISHRAK @MisraGuriya @snatani_chori @PaditainRina @DollyGu90669091 @sappu_786 @Rakhi15333057 tum hme pila 
chachi tumko pila dengi"
323,2022-11-23 11:30:51+00:00,Sheetal29May,Winter preps with #jaipurknitss #handmadehappiness https://t.co/LvpQcJQ7aY
324,2022-11-23 11:29:08+00:00,sheetaldawra2,CBI WakeUp InSSRCase
325,2022-11-23 11:28:55+00:00,Sheetal29May,@buitengebieden AwwwwğŸ¥¹ğŸ¥¹â™¥ï¸
326,2022-11-23 11:27:02+00:00,SheetalSalunke7,@beula_pandu Vote karo.. Aise har mat mano..
327,2022-11-23 11:21:51+00:00,sheetal18232400,@Agrawalkanya Tere naam pe h?
328,2022-11-23 11:21:26+00:00,SheetalSalunke7,@justvoot Sumbul onlyyy
329,2022-11-23 11:21:23+00:00,sheetal_bsakpal,Ye kya hai BJP vs BJP?ğŸ˜ https://t.co/V0O7hOo5jl
330,2022-11-23 11:20:25+00:00,OfficialGNIDA,"@sheetal_mavi à¤¸à¤°,

à¤¸à¤‚à¤¬à¤‚à¤§à¤¿à¤¤ à¤•à¥‡ à¤µà¤¿à¤°à¥à¤¦à¥à¤§ à¤¨à¤¿à¤¯à¤®à¤¾à¤¨à¥à¤¸à¤¾à¤° à¤•à¤¾à¤°à¥à¤°à¤µà¤¾à¤ˆ à¤•à¥€ à¤œà¤¾ à¤°à¤¹à¥€ à¤¹à¥ˆà¥¤"
331,2022-11-23 11:20:24+00:00,Parindi4meonly,@Dgusainn @Oneindia Aur teri jagga hi fixed winner hogi woh sabko pata hain...color ki fixed bahu...layak ho ya na ho bt sheetal aunty jagga ko hi winner banyege https://t.co/sJ5OM2rG7Z
332,2022-11-23 11:20:06+00:00,sheetal18232400,@_SHIVAM_VERMA Dara kaha rhai bht easy h
333,2022-11-23 11:19:53+00:00,SheetalSwami1,"@shisir à¤¹à¤¾à¤°à¥à¤¦à¥€à¤• à¤¬à¤§à¤¾à¤ˆ ! 
à¤®à¤¤à¤¦à¤¾à¤¤à¤¾à¤²à¥‡ à¤—à¤°à¥à¤µ à¤—à¤°à¤¿à¤°à¤¹à¤¨ à¤ªà¤¾à¤‡à¤¯à¥‹à¤¸à¥à¥¤ 
à¤²à¤¾à¤–à¥Œ à¤¶à¥à¤­à¤•à¤¾à¤®à¤¨à¤¾ !!"
334,2022-11-23 11:18:49+00:00,Shitu68179362,"Waiting for #DeVir content
And #Rravir content
#DeVirVibesOnly
#devir #KaranvirSharma #DebattamaSaha #Rrahulsudhir https://t.co/WGiaL9c97y"
335,2022-11-23 11:14:10+00:00,sheetaldawra2,#SushantSinghRajput
336,2022-11-23 11:13:16+00:00,SheetalJaitly,Rise and Grindâ€¦itâ€™s hump day letâ€™s crush it
337,2022-11-23 11:12:18+00:00,SheetalSalunke7,@shehnaazxadmire ğŸ¤¦â€â™€ï¸ğŸ˜„
338,2022-11-23 11:11:25+00:00,trufxfaugt,Just registered!! Go go next blue chip!!!ğŸ™Œ @saif305 @seanovak @Contactdotexe @paul_culp @BrianLischer @adnanshurta @SairaBa18584201 @Wehit @sheetal_sharma1 @RosMP1 @nirav_mp @bappysaniAmp47 @AymanAlbarbary https://t.co/tewYwX0iNZ
339,2022-11-23 11:09:15+00:00,PS54717343,Sheetal mam ki hai ho ..Sheetal mam jo chahengi wahi hoga https://t.co/M8LGYrmBuN
340,2022-11-23 11:09:10+00:00,BupatJi,@Sheetal_Parekh_ ğŸ˜‡â£ï¸ğŸ‘ŒğŸ‘ŒğŸ‘Œ
341,2022-11-23 11:02:11+00:00,nandita_sen,@sheetal_bsakpal Hugs Sheetal ğŸ«‚
342,2022-11-23 10:57:08+00:00,BBdecodeTweets,Me trying to decode this roast tweet ğŸ¤£ğŸ˜‚ Sasural fd means KKundrra Squad? Sheetal ki beri means Teju? Dahej means dowery given To Karan Lmao ğŸ¤£ğŸ˜‚ğŸ¤£ğŸ˜‚ #TejRan https://t.co/3SNnD34Pny
343,2022-11-23 10:56:51+00:00,Sheetal83879466,@Sumita327 à¤œà¤¯ à¤¶à¥à¤°à¥€ à¤—à¤£à¥‡à¤¶ ğŸ™ğŸ»
344,2022-11-23 10:56:20+00:00,Sheetal09967737,"@IShobhitGoyal @rklogy Bht fans h bhai Uske bkws Mt kr kisi ko pta h nhii voting ka sb vidvaan bne hue h...ankit â¤ï¸ğŸ’–
."
345,2022-11-23 10:55:05+00:00,colodrfuil,Valhalla phase 2 go goğŸ™Œ @Momina81409210 @Harshk624462 @me_shrak @stefaniaulia71 @KamranH58723911 @Ali93617582 @wuQ8cm19v6Y9k0C @Vijay_fan007 @0Tamilzhan @MalikAl96342285 @sheetal_85goel @DuongTrickLo111 https://t.co/sVsu3mtTsd
346,2022-11-23 10:52:43+00:00,Sheetal83879466,@ShivShivayee à¤®à¥‡à¤¨à¥‚ bi ğŸ˜ğŸ˜ğŸ˜
347,2022-11-23 10:50:41+00:00,Sheetal83879466,@SureshM46 à¤œà¤¯ à¤¶à¤¿à¤µà¤¶à¤•à¥à¤¤à¤¿ ğŸ™ğŸ»
348,2022-11-23 10:47:20+00:00,Chhotabheem78,@BornToConquerrr @ColorsTV @BiggBoss @EndemolShineIND It is high time to fire sheetal otherwise she destroy Bigboss last time also contestant very good but sheetal's Baisedness she only focus on tejran and now tisha. Bb is not only love lapaata. Task are missing and also cut sidelined real contestant
349,2022-11-23 10:44:47+00:00,JashvantPraja15,"@Sheetal_Parekh_ àª®àª¿àª¤à«àª°à«‹ àª¤à«‹ àªœà«€àªµàª¨ àª®àª¾àª‚ àªœàª°à«‚àª° àª¹à«‹àªµàª¾àª‚ àªœà«‹àªˆàª, àªªàª°àª‚àª¤à« àª¨àª¿àª°à«àª²àª¿àªªà«àª¤, àªœà«‡ àªœàª°à«àª° àªªàª¡à«àª¯à«‡ àª¸à«àª– àª…àª¨à«‡ àª¦à«àªƒàª–àª®àª¾àª‚ àª¸àª¹àª­àª¾àª—à«€ àª¥àªµàª¾ àª¤àª¤à«àªªàª° àª°àª¹à«‡"
350,2022-11-23 10:43:04+00:00,B224Sheetal,@unavailable1009 @_minal09_ ğŸ˜†ğŸ˜›
351,2022-11-23 10:42:08+00:00,Sheetal83879466,"à¤œà¤¿à¤¨à¤•à¤¾ à¤®à¤¿à¤²à¤¨à¤¾ à¤¨à¤¿à¤¶à¥à¤šà¤¿à¤¤ à¤¹à¥ˆ, à¤¨à¤¿à¤¯à¤¤à¤¿ à¤‰à¤¨à¥à¤¹à¥‡à¤‚ à¤•à¤¿à¤¸à¥€ à¤­à¥€ à¤°à¥‚à¤ª à¤®à¥‡à¤‚ à¤®à¤¿à¤²à¤¾ à¤¦à¥‡à¤¤à¥€ à¤¹à¥ˆ !â¤ï¸ğŸ”±

à¤œà¤¯ à¤¶à¤¿à¤µà¤¶à¤•à¥à¤¤à¤¿ ğŸ™ğŸ» https://t.co/dG4skPloP8"
352,2022-11-23 10:40:13+00:00,B224Sheetal,@unavailable1009 @_minal09_ à¤®à¥à¤¯à¥‚à¤Ÿ à¤•à¥‡à¤²à¥à¤¯à¤¾à¤µà¤° à¤•à¤¸à¤‚ à¤•à¤°à¤¶à¥€à¤²
353,2022-11-23 10:38:28+00:00,Sheetal67884783,@VarshaASNS To kis bat ka drama ha yaar
354,2022-11-23 10:38:24+00:00,B224Sheetal,@unavailable1009 @_minal09_ ğŸ¤®ğŸ˜­. à¤¤à¥à¤²à¤¾ à¤®à¥à¤¯à¥‚à¤Ÿ à¤•à¤°à¤¤à¥‡.
355,2022-11-23 10:37:42+00:00,SheetalSalunke7,@shehnaazxadmire kyuu nahi karana vote?..
356,2022-11-23 10:37:26+00:00,B224Sheetal,@pretty_pallu @Anya2_26_6 à¤¬à¤¿à¤¯à¤¾ à¤¨à¤¸à¤²à¥‡à¤²à¤‚ à¤•à¤²à¤¿à¤—à¤‚à¤¡ à¤¸à¥à¤Ÿà¥€à¤•à¥à¤¸à¥
357,2022-11-23 10:34:29+00:00,Sheetal83879466,@pinky15811 @Rajanspsingh1 à¤œà¤¯ à¤¶à¥à¤°à¥€ à¤—à¤£à¥‡à¤¶ ğŸ™ğŸ»
358,2022-11-23 10:34:26+00:00,GJyoti,@Devoleena_23 Nimrit ka khudka koi mudda koi game nhi ha.. bas bhed chaal ka hissa ban rahi.. koi sahi stand nhi leti but sajid ki chamchi k liye isko hire kiya ha BB ne
359,2022-11-23 10:34:18+00:00,Sheetal83879466,@Shruti1806 à¤œà¤¯ à¤¶à¥à¤°à¥€ à¤—à¤£à¥‡à¤¶ ğŸ™ğŸ»
360,2022-11-23 10:34:17+00:00,Sheetal67884783,Abe yeh kya topic ha paglo ke kk ne wait nhi kiya abe gadho hm sb normal life mein aise he time save krte hain bo door the to auto le liya hoga aur rashta mein gaddi pr baith gya hoga this is vry normal yeh kya drama ha 15 saal ke bewkaffo #TejRan #karankundrra
361,2022-11-23 10:34:05+00:00,Sheetal83879466,@Vinay_Dwivedii à¤œà¤¯ à¤¶à¥à¤°à¥€ à¤—à¤£à¥‡à¤¶ ğŸ™ğŸ»
362,2022-11-23 10:33:44+00:00,Sheetal83879466,@DrHarshadpatel @Mansa_manita à¤œà¤¯ à¤¶à¥à¤°à¥€ à¤—à¤£à¥‡à¤¶ ğŸ™ğŸ»
363,2022-11-23 10:33:36+00:00,Sheetal83879466,@Anupma0108 à¤œà¤¯ à¤¶à¥à¤°à¥€ à¤—à¤£à¥‡à¤¶ ğŸ™ğŸ»
364,2022-11-23 10:33:26+00:00,PallaviPareek,"@sheetal_bsakpal over the past few years I have finally acknowledged that one never heals. I am okay with that. Now I focus on ensuring that my loved ones understand this too. hopefully, some day, they will know my triggers before me and block it. Or not, then we will just hug/cry/scream it out"
365,2022-11-23 10:33:25+00:00,GJyoti,@Devoleena_23 Plzz devo go inside BB house and show Tina Dutta her actual place.. no one is there inside house who can talk against Tina Dutta.. kaise contestants ha yar inko jeetna ha bhi ki nhi ha sirf picnic manane aye ha.. nimrit to seriously kuch nhi kr rhiâ˜¹ï¸ğŸ˜¡â˜¹ï¸
366,2022-11-23 10:32:58+00:00,SheetalSalunke7,@Devoleena_23 Thx maam for supporting sumbulğŸ˜Š
367,2022-11-23 10:31:27+00:00,MakarSheetal,@dimagkagobar That urge to say that in all the job interviews I giveğŸ¤Œ
368,2022-11-23 10:30:26+00:00,Sheetal83879466,@mamatarsingh ğŸ˜ğŸ˜
369,2022-11-23 10:28:47+00:00,Sheetal67884783,@varu_111 Are isme tha kya
370,2022-11-23 10:28:02+00:00,Sheetal83879466,"@imRDhariwal @SandhyaTimes4u @kunal635 @CPDelhi @DelhiPolice @sumanips @sumannalwa @_ShivamBhatt @CopAmitphogat @DelhiCopSatwant @vnktsh98 @Nikitajain2091 @PrashantInsp @lakshay_cop @ACPAshishKumar @mharshaips @aslam_ips @Ravindra_IPS @dipanshu_warade @DpMukeshkumar @afsana_pink @amandajadew @MengaramLakhas3 @DishaBhalla7 @lalmeena_79 @sanjeevyadav007 â¤ï¸Salute ğŸ™ğŸ»""à¤œà¥€à¤µà¤¨à¤¦à¤¾à¤¯à¤¿à¤¨à¥€""ğŸ‘ğŸ»ğŸ‘ğŸ»ğŸ‘ğŸ»ğŸ‘ğŸ»ğŸ‘ğŸ»ğŸ‘ğŸ»ğŸ‘ğŸ»"
371,2022-11-23 10:26:43+00:00,Prakash10247969,"@Sheetal_Parekh_ àª¯àª¾àª¦à«‹ àª¸à«àª– àª¦à«àªƒàª– àª…àª¨à«‡ àª®à«€àª¤à«àª° àª¸àª¾àª°à«€ àª°à«€àª¤à«‡ àª®àª³à«àª¯àª¾
àª¤à«‹ àª¸àª¾àª°à«àª‚ àªªàª£ àª† àª¬àª§àª¾ àª¶àª°à«€àª°àª¨à«‡ àªªà«€àª³àª¾ àª†àªª
àª¨àª¾àª° àª›à«‡ àªªàª°àª‚àª¤à« àª†àª¤à«àª®àª¾ àª¨à«‡ àª† àª•à«‹àªˆ àª¨àª³ àª¤à«àª‚ àª¨àª¥à«€."
372,2022-11-23 10:26:20+00:00,Sheetal67884783,@RevzSd Pr mudda ha kya bhan khada rehkr kya karta rishte mein gadi mein baith gya hoga jaldi ho gyi hoge yeh kya topic ha
373,2022-11-23 10:25:41+00:00,sheetalsingh86,"Quetta: 4 Baloch students forcibly disappeared

https://t.co/ICCSVIbMeo"
374,2022-11-23 10:23:59+00:00,Sheetal67884783,@nimraIr82074836 @VarshaASNS @sunnyladdoo1011 Are konsi respect yaar bo andari mein the to bhan khda rehkr kya karta rashta mein baith gya hoga ghadi mein inko to yeh bi nhi pta ki bo kis pr gya
375,2022-11-23 10:22:34+00:00,sheetal18232400,@chiragsethiya12 Isse phle m marna pasand krungiğŸ¥²
376,2022-11-23 10:22:18+00:00,Sheetal83879466,@VINEET_KAKA à¤œà¤¯ à¤¶à¥à¤°à¥€ à¤°à¤¾à¤® ğŸ™ğŸ»
377,2022-11-23 10:22:00+00:00,Sheetal79854435,@sourabhthewall9 @jaagograhakjago @MGMotorIn Are brother yeh specific conditions me test ke sath hote hai. koi bhi EV lelo market me koi bhi axact range nahi deti.
378,2022-11-23 10:21:11+00:00,Sheetal67884783,@SumitSh40609063 Pta nhi
379,2022-11-23 10:20:57+00:00,sheetal18232400,@Mujhe_kyaaa Koi sense h iss bat kağŸ˜‚ğŸ˜‚ğŸ˜‚
380,2022-11-23 10:19:15+00:00,Sheetal83879466,@ShivShivayee à¤œà¤¯ à¤¶à¥à¤°à¥€ à¤—à¤£à¥‡à¤¶ ğŸ™ğŸ»
381,2022-11-23 10:17:59+00:00,MaheshChasiya1,@Sheetal_Parekh_ Right ğŸ‘ğŸ‘ğŸ‘
382,2022-11-23 10:17:15+00:00,Sheetal50357877,"@satellitecece Harry,Louis,Zayn,Niall, Liam"
383,2022-11-23 10:15:59+00:00,RijhwaniSheetal,"@SouravSenguptaI Yes sir, this is different kind of bull market. ğŸ˜€"
384,2022-11-23 10:14:59+00:00,Pratikfam__18,@pratikxlucifer @DestinyyyBoss @VootSelect @ColorsTV @BiggBoss @mnysha Last time itni bhi bhayanak cheating nhi ki thi..but who cares for this seasonğŸ˜‚ğŸ¥±..Archana hii show chala rahi hai aur usey show heetne dege nhi toh q mehnat karni hai shiv aur priyanka waalo ko..jab sab Sheetal hii khelti hai actual mai toh
385,2022-11-23 10:14:40+00:00,PRINCEBRAND202,@Sheetal_Parekh_ || JAY SHREE KRISHNA ||
386,2022-11-23 10:14:29+00:00,RijhwaniSheetal,@niki_poojary https://t.co/NL73axxBxo
387,2022-11-23 10:13:53+00:00,Sheetal10289323,"ğŸ•‰ï¸à¤œà¤¯ à¤¶à¥à¤°à¥€ à¤°à¤¾à¤®ğŸ•‰ï¸
*à¤¦à¤¿à¤–à¤¾à¤¬à¥‡ à¤¸à¥‡ à¤²à¥‹à¤—à¥‹à¤‚ à¤•à¥‹ à¤–à¤¼à¥à¤¶*
*à¤°à¤–à¤¾ à¤œà¤¾ à¤¸à¤•à¤¤à¤¾ à¤¹à¥‡ à¤ˆà¤¶à¥à¤µà¤° à¤¤à¥‹*
*à¤¨à¤¿à¤¯à¤¤ à¤¦à¥‡à¤–à¤¤à¤¾ à¤¹à¥‡*"
388,2022-11-23 10:13:07+00:00,DeepakC53697455,@Tanusha_Arora @AshikAawara @RekhaSh90781202 @Naughty_Seema @AnushaArora_ @RaviP_RaviP @Ra__THOR @RajKuma44653275 @Rakesh60231 @Sheetal_priya7 @maleforfunchat1 bilkul sahi
389,2022-11-23 10:13:05+00:00,RijhwaniSheetal,@the_rich_trader Trip plan karni padegi ğŸ˜€
390,2022-11-23 10:11:48+00:00,sheetal_bsakpal,@baehaya_aurat @RevaSteenbergen ğŸ’•ğŸ«‚
391,2022-11-23 10:10:53+00:00,sheetal_bsakpal,@SecularSiddha ğŸ’œğŸ«‚ğŸ«‚
392,2022-11-23 10:10:37+00:00,sheetal_bsakpal,@baehaya_aurat I'm so sorry for what you had to go through.ğŸ«‚ğŸ«‚ Narcissists are highly manipulative. I'm glad you could leave. It's not easy.
393,2022-11-23 10:06:53+00:00,RijhwaniSheetal,@ArjunB9591 ğŸ˜°ğŸ˜°
394,2022-11-23 10:03:51+00:00,RijhwaniSheetal,@the_rich_trader trend following walo ko loss karane ke tarike dhund liye hai market ne.
395,2022-11-23 10:02:50+00:00,RijhwaniSheetal,November month mai ek bhi breakout candle nahi milne wali hume. ğŸ˜­
396,2022-11-23 10:02:02+00:00,sheetal18232400,@ArchiTa24c @Sajjanbaalak Badhai ho judwa bolo
397,2022-11-23 10:01:59+00:00,Shitalhitesh03,@Prachee_17 So cute â™¥ï¸â™¥ï¸â™¥ï¸â™¥ï¸â™¥ï¸â™¥ï¸â™¥ï¸
398,2022-11-23 10:00:42+00:00,Sheetal_Parekh_,"àª¯àª¾àª¦à«‹ àª¨àª¾ àªªàª¾àª¨àª¾ àª¥à«€ àª­àª°à«‡àª²à«€ àª›à«‡ àªœàª¿àª‚àª¦àª—à«€,
àª¸à«àª– àª…àª¨à«‡ àª¦à«:àª– àª¨àª¾ àªªà«àª°àª¸àª‚àª—à«‹ àª¥à«€ àª­àª°à«‡àª²à«€ àª›à«‡ àªœàª¿àª‚àª¦àª—à«€,

àªàª•àª²àª¾ àª¬à«‡àª¸à«€àª¨à«‡ àªµàª¿àªšàª¾àª°à«€ àª¤à«‹ àªœà«àª“,
àª®àª¿àª¤à«àª°à«‹ àªµàª—àª° àª•à«‡àªŸàª²à«€ àª…àª§à«àª°à«€ àª›à«‡ àªœàª¿àª‚àª¦àª—à«€...."
399,2022-11-23 10:00:32+00:00,sheetal18232400,@Mujhe_kyaaa Mai b gareeb hu bro jivan m ek bar AC m safar karna tha isiliye kidney bechi h ekğŸ¥²
400,2022-11-23 10:00:12+00:00,sheetalERS7080,"@VootSelect @BhanotShalin @iamTinaDatta Abe vootu pyar kare ya bacche paida kare Hume konsa unke ghar pe jana h..faltu ka drama me hame mat ghusao or agr aapko inko dekhne itna hi maja aa raha h to bb k gharse nikal k apne ghar le jao.hame bhaksh do bhai..
SHAME ON VOOT SELECT"
401,2022-11-23 09:58:40+00:00,RijhwaniSheetal,First half ka move trap tha ya second half ka move trap hai? ğŸ§ğŸ¤¦
402,2022-11-23 09:58:22+00:00,SecularSiddha,"@sheetal_bsakpal Hugs ğŸ’œ  sheetal..
 ğŸ«‚"
403,2022-11-23 09:57:56+00:00,SRISUJEETJHA1,@Tanusha_Arora @AshikAawara @RekhaSh90781202 @Naughty_Seema @AnushaArora_ @RaviP_RaviP @Ra__THOR @RajKuma44653275 @Rakesh60231 @Sheetal_priya7 @maleforfunchat1 à¤†à¤—à¥à¤°à¤¹ à¤•à¥€ à¤«à¥‰à¤²à¥‹à¤¬à¥ˆà¤• à¤ªà¥à¤°à¤¦à¤¾à¤¨ à¤•à¤°à¥‡à¤‚ ?? ?? ?
404,2022-11-23 09:57:26+00:00,SRISUJEETJHA1,@Tanusha_Arora @AshikAawara @RekhaSh90781202 @Naughty_Seema @AnushaArora_ @RaviP_RaviP @Ra__THOR @RajKuma44653275 @Rakesh60231 @Sheetal_priya7 @maleforfunchat1 https://t.co/gK6tHiAL8k
405,2022-11-23 09:57:18+00:00,sheetal18232400,@bitcoinlayakyaa Mahan logo k sath esa hi hota h iss Twitter smaj mğŸ¥²
406,2022-11-23 09:53:13+00:00,sheetal18232400,"@Mujhe_kyaaa Ticket banwa k cadhti hu mğŸ˜­

General m nai jaati"
407,2022-11-23 09:52:04+00:00,jempen_heemeh,à¤ªà¥‚à¤°à¥€ à¤Ÿà¥à¤°à¥‡à¤¨ Reserve à¤•à¤°à¤•à¥‡ Toko Sheetal à¤•à¤¾ à¤¸à¤¾à¤¥ à¤¦à¥‡à¤¨à¥‡ à¤µ Modi à¤œà¥€ à¤•à¥‹ à¤˜à¥‡à¤°à¤¨à¥‡ à¤† à¤°à¤¹... https://t.co/LfK4zZaekm via @YouTube
408,2022-11-23 09:50:29+00:00,sheetal07340984,"@AmrutaOfficialK @Gemini8685 @Gashmeer Amu wish Adhich kelay still Happy Birthday once again have Creative n Bussiest year ahead ğŸ˜‡ğŸ˜
Happy Birthday 
N thanks for pic mast ğŸ‘Œ
N Gauri is right tu ugach Bhau banavalay( yevadhya handsome herola) amhala ekatra cinema awadala asata looking ğŸ‘ŒğŸ˜œ#GashmeerMahajani"
409,2022-11-23 09:49:19+00:00,sheetalERS7080,"@ItsTeamMCStan @VootSelect @BhanotShalin @iamTinaDatta @MCStanOfficial SHAME ON VOOT SELECT
BOYCOTT VOOT SELECT"
410,2022-11-23 09:49:08+00:00,paramonkar,@sheetal_bsakpal ğŸ˜œğŸ˜œğŸ˜œğŸ¤£
411,2022-11-23 09:47:48+00:00,sheetal18232400,@piyushfulfagar Doctor hi dhund rahi hu mğŸ¥²
412,2022-11-23 09:47:17+00:00,sheetalERS7080,"@Official_NirajT @VootSelect @ColorsTV SHAME ON VOOT SELECT
BOYCOTT VOOT SELECT"
413,2022-11-23 09:47:15+00:00,VinodBh36703689,@Naughty_Seema @Raziyarandi @DevaanandhD @Sarkarvaripaa6 @Sheetal_priya7 @Hotmen4ugirls @maleforfunchat1 @Sushant49603490 @Mass99085 @nagin_madhu @Rakesh4u1 Kya badhiya sayri bolo ki masti se gufa ka darvaja kul jata e our hamara kela gufa me chala jata he.
414,2022-11-23 09:46:36+00:00,SheetalTrades,@bhaveshp1509 Waiting for 'bada account' ğŸ¤¦â€â™€ï¸ğŸ¤¦â€â™€ï¸
415,2022-11-23 09:46:22+00:00,sheetalERS7080,"@BiggBoss_Tak SHAME ON VOOT SELECT
BOYCOTT VOOT SELECT"
416,2022-11-23 09:46:02+00:00,sheetal18232400,@Mujhe_kyaaa Sbko nai milti laxman ğŸ¥²
417,2022-11-23 09:45:36+00:00,sheetal18232400,@WERTHarsh Jivan ka Satya h ye
418,2022-11-23 09:45:20+00:00,sheetal18232400,@piyushfulfagar Han syd ğŸ¥²
419,2022-11-23 09:44:32+00:00,sheetal18232400,@Durjan_Baalak @Agrawalkanya @ArchiTa24c @btechdropout @Sajjanbaalak Ye aadmi ki photo apne aap m hi bhoot hğŸ˜‚
420,2022-11-23 09:44:00+00:00,sheetalERS7080,"@VootSelect @BhanotShalin @iamTinaDatta SHAME ON VOOT SELECT
BOYCOTT VOOT SELECT"
421,2022-11-23 09:42:52+00:00,sheetal18232400,@talkativemedico Train m bor hone se better h padh leğŸ˜‚ğŸ˜‚aap b padha karo
422,2022-11-23 09:35:13+00:00,sheetal14105102,@iadvabhishekIYC ğŸ¤£ğŸ¤£ğŸ¤£ğŸ¤£ joke of the day
423,2022-11-23 09:32:27+00:00,sheetalERS7080,@VootSelect @iamTinaDatta @shalinbhanot @MCSTAN16 Aao
424,2022-11-23 09:31:52+00:00,sheetalERS7080,"@VootSelect @iamTinaDatta @shalinbhanot @MCSTAN16 Dost dost na raha..

#ShivThakare #ShivIsTheBoss"
425,2022-11-23 09:31:34+00:00,sheetalERS7080,"@VootSelect @iamTinaDatta @shalinbhanot @MCSTAN16 Ganapati bappa Moraya 

#ShivThakare #ShivIsTheBoss"
426,2022-11-23 09:29:49+00:00,sheetalERS7080,"@VootSelect @iamTinaDatta @shalinbhanot @MCSTAN16 Marathi manus

#ShivThakare #ShivIsTheBoss"
427,2022-11-23 09:29:38+00:00,sheetalERS7080,"@VootSelect @iamTinaDatta @shalinbhanot @MCSTAN16 Music is my sanity

#ShivThakare #ShivIsTheBoss"
428,2022-11-23 09:29:26+00:00,sheetal14105102,@ShefVaidya Our Indian law and order Waits for our murder or death to give us Justice ..they only help influence people ..common people only after death..
429,2022-11-23 09:29:09+00:00,SheetalSalunke7,@TouqeerSumbul @BiggBoss @justvoot My vote is only for sumbii
430,2022-11-23 09:28:56+00:00,sheetalERS7080,"@VootSelect @iamTinaDatta @shalinbhanot @MCSTAN16 BE HAPPY JAANLOG..

#ShivThakare #ShivIsTheBoss"
431,2022-11-23 09:28:38+00:00,sheetalERS7080,"@VootSelect @iamTinaDatta @shalinbhanot @MCSTAN16 Worry less smile more

#ShivThakare #ShivIsTheBoss"
432,2022-11-23 09:28:18+00:00,sheetalERS7080,"@VootSelect @iamTinaDatta @shalinbhanot @MCSTAN16 Collect moment not things..

#ShivThakare #ShivIsTheBoss"
433,2022-11-23 09:27:12+00:00,sheetalERS7080,"@VootSelect @iamTinaDatta @shalinbhanot @MCSTAN16 Hum Tum

#ShivThakare #ShivIsTheBoss"
434,2022-11-23 09:26:56+00:00,sheetalERS7080,"@VootSelect @iamTinaDatta @shalinbhanot @MCSTAN16 Popatlal ki shaadi bole to Barbadi 

#ShivThakare #ShivIsTheBoss"
435,2022-11-23 09:25:56+00:00,sheetalERS7080,"@VootSelect @iamTinaDatta @shalinbhanot @MCSTAN16 High, tides, good vibes

#ShivThakare #ShivIsTheBoss"
436,2022-11-23 09:25:11+00:00,sheetalERS7080,"@VootSelect @iamTinaDatta @shalinbhanot @MCSTAN16 Roti, kapda or makan 

#ShivThakare #ShivIsTheBoss"
437,2022-11-23 09:24:46+00:00,sheetalERS7080,"@VootSelect @iamTinaDatta @shalinbhanot @MCSTAN16 Coffee plzzz

#ShivThakare #ShivIsTheBoss"
438,2022-11-23 09:24:38+00:00,anil6397,"@Sheetal_priya7 Tera address nahi hai à¤¤à¥‡à¤°à¥€ à¤®à¤¾à¤° à¤¨à¤¹à¥€ à¤¸à¤•à¤¤à¥‡ tu fir mut,,,,"
439,2022-11-23 09:24:27+00:00,sheetalERS7080,"@VootSelect @iamTinaDatta @shalinbhanot @MCSTAN16 Tropical state of mind 

#ShivThakare #ShivIsTheBoss"
440,2022-11-23 09:24:07+00:00,sheetalERS7080,"@VootSelect @iamTinaDatta @shalinbhanot @MCSTAN16 Don't forget to Win...

#ShivThakare #ShivIsTheBoss"
441,2022-11-23 09:23:33+00:00,sheetalERS7080,"@VootSelect @iamTinaDatta @shalinbhanot @MCSTAN16 I decide my vibe

#ShivThakare #ShivIsTheBoss"
442,2022-11-23 09:23:29+00:00,sheetal_bsakpal,@paramonkar This is like the chicken and egg question?ğŸ˜…
443,2022-11-23 09:23:08+00:00,sheetalERS7080,"@VootSelect @iamTinaDatta @shalinbhanot @MCSTAN16 Crazy

#ShivThakare #ShivIsTheBoss"
444,2022-11-23 09:22:55+00:00,sheetal_bsakpal,@baehaya_aurat ğŸ«‚ğŸ«‚
445,2022-11-23 09:22:46+00:00,sheetalERS7080,"@VootSelect @iamTinaDatta @shalinbhanot @MCSTAN16 Sunshine on my mind

#ShivThakare #ShivIsTheBoss"
446,2022-11-23 09:22:00+00:00,sheetalERS7080,"@VootSelect @iamTinaDatta @shalinbhanot @MCSTAN16 You don't know me

#ShivThakare #ShivIsTheBoss"
447,2022-11-23 09:21:44+00:00,sheetalERS7080,"@VootSelect @iamTinaDatta @shalinbhanot @MCSTAN16 Live a good story 

#ShivThakare #ShivIsTheBoss"
448,2022-11-23 09:16:47+00:00,n_rao35148427,@Sheetal_priya7 Lund
449,2022-11-23 09:16:31+00:00,sheetalERS7080,"@VootSelect @iamTinaDatta @shalinbhanot @MCSTAN16 Yesss....

#ShivThakare #ShivIsTheBoss"
450,2022-11-23 09:14:20+00:00,SheetalDhankha1,"#à¤­à¤—à¤µà¤¦à¤—à¥€à¤¤à¤¾_à¤•à¥‡_à¤—à¥‚à¤¢à¤¼_à¤°à¤¹à¤¸à¥à¤¯
#à¤­à¤—à¤µà¤¦à¤—à¥€à¤¤à¤¾_à¤•à¥‡_à¤—à¥‚à¤¢à¤¼_à¤°à¤¹à¤¸à¥à¤¯ https://t.co/gOGXOUuQG2"
451,2022-11-23 09:13:11+00:00,sheetal_pawan21,"Living healthy Lifestyle is a personal decision but we can aware the mass 
How intoxication can be proved life ending. #HealthyLifestyle 

SAINT GURMEET RAM RAHIM JI
DEPTH campaign"
452,2022-11-23 09:11:35+00:00,SheetalDhankha1,"à¤¶à¥à¤°à¥€ à¤•à¥ƒà¤·à¥à¤£ à¤œà¥€ à¤•à¤¾à¤² à¤¨à¤¹à¥€à¤‚ à¤¥à¥‡, à¤‰à¤¨à¤•à¥‡ à¤¦à¤°à¥à¤¶à¤¨ à¤®à¤¾à¤¤à¥à¤° à¤¸à¥‡ à¤®à¤¨à¥à¤·à¥à¤¯, à¤ªà¤¶à¥ (à¤—à¤¾à¤¯ à¤†à¤¦à¤¿) à¤ªà¥à¤°à¤¸à¤¨à¥à¤¨ à¤¹à¥‹à¤•à¤° à¤¶à¥à¤°à¥€ à¤•à¥ƒà¤·à¥à¤£ à¤œà¥€ à¤•à¥‡ à¤ªà¤¾à¤¸ à¤†à¤•à¤° à¤ªà¥à¤¯à¤¾à¤° à¤ªà¤¾à¤¤à¥‡ à¤¥à¥‡à¥¤
à¤•à¤¾à¤² à¤•à¥‹à¤ˆ à¤”à¤° à¤¶à¤•à¥à¤¤à¤¿ à¤¹à¥ˆà¥¤ à¤µà¤¹ à¤¶à¥à¤°à¥€ à¤•à¥ƒà¤·à¥à¤£ à¤œà¥€ à¤•à¥‡ à¤¶à¤°à¥€à¤° à¤®à¥‡à¤‚ à¤ªà¥à¤°à¥‡à¤¤à¤µà¤¤ à¤ªà¥à¤°à¤µà¥‡à¤¶ à¤•à¤°à¤•à¥‡ à¤ªà¤µà¤¿à¤¤à¥à¤° à¤¶à¥à¤°à¥€à¤®à¤¦à¥à¤­à¤—à¤µà¤¤ à¤—à¥€à¤¤à¤¾ à¤œà¥€ à¤•à¥‡ à¤œà¥à¤à¤¾à¤¨ à¤°à¥‚à¤ª à¤®à¥‡à¤‚ à¤šà¤¾à¤°à¥‹à¤‚ à¤ªà¤µà¤¿à¤¤à¥à¤° à¤µà¥‡à¤¦à¥‹à¤‚ à¤•à¤¾ à¤¸à¤¾à¤° à¤¬à¥‹à¤² à¤—à¤¯à¤¾à¥¤ https://t.co/2bvuiMGynt"
453,2022-11-23 09:11:17+00:00,KD85643235,"@Tanusha_Arora @AshikAawara @RekhaSh90781202 @Naughty_Seema @AnushaArora_ @RaviP_RaviP @Ra__THOR @RajKuma44653275 @Rakesh60231 @Sheetal_priya7 @maleforfunchat1 à¤”à¤° à¤¯à¤¹à¥€ à¤¹à¤° à¤®à¤°à¥à¤¦ à¤•à¥€ à¤•à¤®à¤œà¥‹à¤°à¥€ à¤¹à¥ˆ, à¤ªà¥à¤¯à¤¾à¤° à¤¶à¥à¤°à¥‚ à¤­à¥€ à¤¯à¤¹à¥€ à¤¸à¥‡ à¤¹à¥‹à¤¤à¤¾ à¤¹à¥ˆ ...."
454,2022-11-23 09:10:42+00:00,KandariSheetal,@beingarun28 à¤¹à¤° à¤°à¤¾à¤œà¥à¤¯ à¤®à¥‡à¤‚ à¤…à¤ªà¤¨à¤¾ à¤µà¤¾à¤°à¤¿à¤¸ à¤ªà¥ˆà¤¦à¤¾ à¤•à¤°à¤¨à¤¾ à¤¯à¤¾à¤¤à¥à¤°à¤¾ ğŸ¤£ğŸ¤£ğŸ¤£ğŸ¤£
455,2022-11-23 09:09:15+00:00,sheetalERS7080,"@VootSelect @iamTinaDatta @shalinbhanot @MCSTAN16 Fortunate 

#ShivThakare #ShivIsTheBoss"
456,2022-11-23 09:09:11+00:00,KandariSheetal,@brand_amendra à¤œà¤¯ à¤¶à¥à¤°à¥€ à¤°à¤¾à¤® ğŸš©
457,2022-11-23 09:09:00+00:00,KandariSheetal,@arungovil12 à¤œà¤¯ à¤¶à¥à¤°à¥€ à¤°à¤¾à¤® ğŸš©
458,2022-11-23 09:08:37+00:00,KandariSheetal,@pandeyrajesh007 à¤œà¤¯ à¤¶à¥à¤°à¥€ à¤°à¤¾à¤® ğŸš©
459,2022-11-23 09:08:09+00:00,sheetalERS7080,"@VootSelect @iamTinaDatta @shalinbhanot @MCSTAN16 Ghoongaru tut Gaye

#ShivThakare #ShivIsTheBoss"
460,2022-11-23 09:07:49+00:00,sheetalERS7080,"@VootSelect @iamTinaDatta @shalinbhanot @MCSTAN16 Tiptip barsa pani...

#ShivThakare #ShivIsTheBoss"
461,2022-11-23 09:07:07+00:00,sheetalERS7080,"@VootSelect @iamTinaDatta @shalinbhanot @MCSTAN16 Popat ko nakaldo gharse Bahar

#ShivThakare #ShivIsTheBoss"
462,2022-11-23 09:06:50+00:00,sheetalERS7080,"@VootSelect @iamTinaDatta @shalinbhanot @MCSTAN16 Tota maina ki kahani 

#ShivThakare #ShivIsTheBoss"
463,2022-11-23 09:06:39+00:00,sheetalERS7080,"@VootSelect @iamTinaDatta @shalinbhanot @MCSTAN16 Tum mile

#ShivThakare #ShivIsTheBoss"
464,2022-11-23 09:06:24+00:00,sheetalERS7080,"@VootSelect @iamTinaDatta @shalinbhanot @MCSTAN16 Doom machale

#ShivThakare #ShivIsTheBoss"
465,2022-11-23 09:06:15+00:00,sheetalERS7080,"@VootSelect @iamTinaDatta @shalinbhanot @MCSTAN16 BOOOOOOOMMM...

#ShivThakare #ShivIsTheBoss"
466,2022-11-23 09:05:49+00:00,sheetalERS7080,"@VootSelect @iamTinaDatta @shalinbhanot @MCSTAN16 Hype kro 

#ShivThakare #ShivIsTheBoss"
467,2022-11-23 09:05:37+00:00,sheetalERS7080,"@VootSelect @iamTinaDatta @shalinbhanot @MCSTAN16 Attitude 

#ShivThakare #ShivIsTheBoss"
468,2022-11-23 09:05:27+00:00,sheetalERS7080,"@VootSelect @iamTinaDatta @shalinbhanot @MCSTAN16 Chocolate boy

#ShivThakare #ShivIsTheBoss"
469,2022-11-23 09:05:16+00:00,sheetalERS7080,"@VootSelect @iamTinaDatta @shalinbhanot @MCSTAN16 Glowing 

#ShivThakare #ShivIsTheBoss"
470,2022-11-23 09:05:16+00:00,Sheetal_Janee,@StanleyMasinde_ Why do I not understand thisğŸ˜•
471,2022-11-23 09:05:10+00:00,AlanBoo51672555,@nagin_madhu @mastarni_madhu @PiyuEndless @SanskrutiKapoor @itihot_mama @Sheetal_priya7 Good morning sexy ğŸ’‹
472,2022-11-23 09:04:58+00:00,sheetalERS7080,"@VootSelect @iamTinaDatta @shalinbhanot @MCSTAN16 Looking good 

#ShivThakare #ShivIsTheBoss"
473,2022-11-23 09:04:29+00:00,sheetalERS7080,"@VootSelect @iamTinaDatta @shalinbhanot @MCSTAN16 Well-played

#ShivThakare #ShivIsTheBoss"
474,2022-11-23 09:03:49+00:00,sheetalERS7080,"@VootSelect @iamTinaDatta @shalinbhanot @MCSTAN16 Chill karo 

#ShivThakare #ShivIsTheBoss"
475,2022-11-23 09:03:36+00:00,sheetalERS7080,"@VootSelect @iamTinaDatta @shalinbhanot @MCSTAN16 Clean nd clear

#ShivThakare #ShivIsTheBoss"
476,2022-11-23 09:03:24+00:00,sheetalERS7080,"@VootSelect @iamTinaDatta @shalinbhanot @MCSTAN16 In mood

#ShivThakare #ShivIsTheBoss"
477,2022-11-23 09:03:10+00:00,sheetalERS7080,"@VootSelect @iamTinaDatta @shalinbhanot @MCSTAN16 Beware

#ShivThakare #ShivIsTheBoss"
478,2022-11-23 09:02:47+00:00,sheetalERS7080,"@VootSelect @iamTinaDatta @shalinbhanot @MCSTAN16 Country 

#ShivThakare #ShivIsTheBoss"
479,2022-11-23 09:02:25+00:00,sheetalERS7080,"@VootSelect @iamTinaDatta @shalinbhanot @MCSTAN16 Countdown 

#ShivThakare #ShivIsTheBoss"
480,2022-11-23 09:02:12+00:00,sheetalERS7080,"@VootSelect @iamTinaDatta @shalinbhanot @MCSTAN16 Need

#ShivThakare #ShivIsTheBoss"
481,2022-11-23 09:02:03+00:00,sheetalERS7080,"@VootSelect @iamTinaDatta @shalinbhanot @MCSTAN16 Hopes 

#ShivThakare #ShivIsTheBoss"
482,2022-11-23 09:01:43+00:00,sheetalERS7080,"@VootSelect @iamTinaDatta @shalinbhanot @MCSTAN16 Best person 

#ShivThakare #ShivIsTheBoss"
483,2022-11-23 09:01:29+00:00,sheetalERS7080,"@VootSelect @iamTinaDatta @shalinbhanot @MCSTAN16 Buddies 

#ShivThakare #ShivIsTheBoss"
484,2022-11-23 09:00:58+00:00,sheetalERS7080,"@VootSelect @iamTinaDatta @shalinbhanot @MCSTAN16 Sensitive 

#ShivThakare #ShivIsTheBoss"
485,2022-11-23 09:00:30+00:00,sheetalERS7080,"@VootSelect @iamTinaDatta @shalinbhanot @MCSTAN16 Candid ...

#ShivThakare #ShivIsTheBoss"
486,2022-11-23 08:59:39+00:00,sheetalERS7080,"@VootSelect @iamTinaDatta @shalinbhanot @MCSTAN16 Greatful 

#ShivThakare #ShivIsTheBoss"
487,2022-11-23 08:58:40+00:00,sheetalERS7080,"@VootSelect @iamTinaDatta @shalinbhanot @MCSTAN16 Victory âœŒ 

#ShivThakare #ShivIsTheBoss"
488,2022-11-23 08:58:27+00:00,sheetalERS7080,"@VootSelect @iamTinaDatta @shalinbhanot @MCSTAN16 Magic kardo aaj

#ShivThakare #ShivIsTheBoss"
489,2022-11-23 08:58:11+00:00,sheetalERS7080,"@VootSelect @iamTinaDatta @shalinbhanot @MCSTAN16 Peace

#ShivThakare #ShivIsTheBoss"
490,2022-11-23 08:57:59+00:00,sheetalERS7080,"@VootSelect @iamTinaDatta @shalinbhanot @MCSTAN16 Relax 

#ShivThakare #ShivIsTheBoss"
491,2022-11-23 08:57:51+00:00,sheetalERS7080,"@VootSelect @iamTinaDatta @shalinbhanot @MCSTAN16 Bliss

#ShivThakare #ShivIsTheBoss"
492,2022-11-23 08:57:01+00:00,sheetalERS7080,"@VootSelect @iamTinaDatta @shalinbhanot @MCSTAN16 Aaina

#ShivThakare #ShivIsTheBoss"
493,2022-11-23 08:56:41+00:00,SheetalSavaniya,@KirtiYadav99 All the best didi
494,2022-11-23 08:54:48+00:00,sheetalERS7080,"@VootSelect @iamTinaDatta @shalinbhanot @MCSTAN16 Be nice to each other 

#ShivThakare #ShivIsTheBoss"
495,2022-11-23 08:53:42+00:00,sheetalERS7080,"@VootSelect @iamTinaDatta @shalinbhanot @MCSTAN16 Comment 

#ShivThakare #ShivIsTheBoss"
496,2022-11-23 08:53:18+00:00,sheetalERS7080,"@VootSelect @iamTinaDatta @shalinbhanot @MCSTAN16 Vote for shiv

#ShivThakare #ShivIsTheBoss"
497,2022-11-23 08:52:46+00:00,sheetalERS7080,"@VootSelect @iamTinaDatta @shalinbhanot @MCSTAN16 Status 

#ShivThakre #ShivIsTheBoss"
498,2022-11-23 08:52:30+00:00,_harsh20_,@sheetal_009020 Yaa fine .
499,2022-11-23 08:52:21+00:00,sheetalERS7080,"@VootSelect @iamTinaDatta @shalinbhanot @MCSTAN16 Charge 

#ShivThakare #ShivIsTheBoss"
